,Excitement,Happy,Pleasant,Surprise,Fear,Angry,max_value,clean_text,created_at,label
11,0,0,0,0,1,0,1,to looking for for ‚Ä¶,Sun Mar 15 02:45:03 +0000 2020,Fear
22,0,0,0,0,1,0,1,Sometimes just being there is enough to support someone with . You don't have to be an eert to be ther‚Ä¶,Sun Mar 15 02:45:39 +0000 2020,Fear
34,0,0,0,0,1,0,1,My dads pretty proud of me for getting out of the house today LOL.,Sun Mar 15 02:46:31 +0000 2020,Fear
40,0,0,0,0,1,0,1,: Pres. elect Obama in Hawaii VP elect Biden &amp; advisors scheming,Sun Mar 15 02:47:02 +0000 2020,Fear
41,0,0,0,0,1,0,1,FEAR of the unknown is better known as Mind Games..!!,Sun Mar 15 02:47:04 +0000 2020,Fear
61,0,0,0,0,1,0,1,"...This is NOT prostate cancer. There is no ""Wait and See"" option for treatment of . Reach out for t‚Ä¶",Sun Mar 15 02:48:09 +0000 2020,Fear
66,0,0,0,0,1,0,1,": ""Getting over your fear of dying, is the first step in getting over your fear of living."" ‚Äî B. D. Schiers",Sun Mar 15 02:48:25 +0000 2020,Fear
70,0,0,0,0,1,0,1,Sharing our stories helps ! Interviews of who've dealt with a‚Ä¶,Sun Mar 15 02:48:39 +0000 2020,Fear
74,0,0,0,0,1,0,1,Global insight in hand site:We fear Can that uncheatable us,Sun Mar 15 02:49:03 +0000 2020,Fear
92,0,0,0,0,1,0,1,Online Therapy for overcoming . Email me to schedule a therapy session via Skype. See:,Sun Mar 15 02:50:01 +0000 2020,Fear
98,0,0,0,0,1,0,1,The are the arms of a global corporation that incubates in the ignorant population.,Sun Mar 15 02:50:23 +0000 2020,Fear
121,0,0,0,0,1,0,1,": is a greenlight for every program, every mandate , grea‚Ä¶",Sun Mar 15 02:51:32 +0000 2020,Fear
155,0,0,0,0,1,0,1,Worry &amp; Fear = Faith in reverse,Sun Mar 15 02:53:23 +0000 2020,Fear
205,0,0,0,0,1,0,1,: commander prosecuted in Austria for,Sun Mar 15 02:56:31 +0000 2020,Fear
210,0,0,0,0,1,0,1,: New blog online,Sun Mar 15 02:56:48 +0000 2020,Fear
230,0,0,0,0,1,0,1,The world is in a Don't stress! Just a little song about this‚Ä¶,Sun Mar 15 02:57:27 +0000 2020,Fear
247,0,0,0,0,2,0,2,"‚Äôs Clergy Sister ""Full Recovery‚Äù ‚Ä¶",Sun Mar 15 02:58:22 +0000 2020,Fear
303,0,0,0,0,1,0,1,: Sharing our stories helps ! Interviews of who've dealt with and/or oth‚Ä¶,Sun Mar 15 03:01:01 +0000 2020,Fear
305,0,0,0,0,1,0,1,"Does anyone else just look back at life and be like, why tf am I still",Sun Mar 15 03:01:01 +0000 2020,Fear
308,0,0,0,0,1,0,1,": ...This is NOT prostate cancer. There is no ""Wait and See"" option for treatment of . Reach out for the help y‚Ä¶",Sun Mar 15 03:01:04 +0000 2020,Fear
324,0,0,0,0,1,0,1,How to get over the that you are not good enough - steps to follow. ‚Ä¶,Sun Mar 15 03:02:09 +0000 2020,Fear
349,0,0,0,0,1,0,1,Reliable information can help one cope with and associated with ‚Ä¶,Sun Mar 15 03:03:19 +0000 2020,Fear
357,0,0,0,0,1,0,1,: Sharing our stories helps ! Interviews of who've dealt with and/or oth‚Ä¶,Sun Mar 15 03:03:39 +0000 2020,Fear
359,0,0,0,0,1,0,1,": is a greenlight for every program, every mandate , grea‚Ä¶",Sun Mar 15 03:03:52 +0000 2020,Fear
368,0,0,0,0,1,0,1,Panic Attacks Articles Treatment Advice on this get it,Sun Mar 15 03:04:21 +0000 2020,Fear
408,0,0,0,0,1,0,1,"If you are looking for something to do with your dick, you can check my website!",Sun Mar 15 03:06:34 +0000 2020,Fear
456,0,0,0,0,1,0,1,to looking for for ‚Ä¶,Sun Mar 15 03:10:02 +0000 2020,Fear
459,0,0,0,0,1,0,1,: Family movie night ... is the enemy,Sun Mar 15 03:10:12 +0000 2020,Fear
466,0,0,0,0,1,0,1,: Don't hit button yet,Sun Mar 15 03:10:26 +0000 2020,Fear
474,0,0,0,0,1,0,1,": is a greenlight for every program, every mandate , grea‚Ä¶",Sun Mar 15 03:10:50 +0000 2020,Fear
528,0,0,0,0,1,0,1,: A super read! Great spooky entertainment! Don't miss this! Richard Schwindt delivers! ‚Ä¶,Sun Mar 15 03:14:03 +0000 2020,Fear
574,0,0,0,0,1,0,1,My tattoo! ‚Ä¶,Sun Mar 15 03:16:32 +0000 2020,Fear
577,0,0,0,0,1,0,1,Can we restart this year again?,Sun Mar 15 03:16:39 +0000 2020,Fear
587,0,0,0,0,1,0,1,Have you thought about getting help?,Sun Mar 15 03:17:48 +0000 2020,Fear
599,0,0,0,0,1,0,1,Today's 's edition has stories and snippets on or related to .,Sun Mar 15 03:18:15 +0000 2020,Fear
611,0,0,0,0,1,0,1,"Is the US on the verge of another ? Not likely. Why? Because during the s depression, the‚Ä¶",Sun Mar 15 03:19:04 +0000 2020,Fear
617,0,0,0,0,1,0,1,I've been doing social distancing since before it was mainstream.,Sun Mar 15 03:19:28 +0000 2020,Fear
631,0,0,0,0,1,0,1,Online Therapist for Depression over Skype. Online Therapy for the treatment of &amp; ‚Ä¶,Sun Mar 15 03:20:00 +0000 2020,Fear
636,0,0,0,0,1,0,1,Exactly this Eect a global leading to a here in the USA ‚Ä¶,Sun Mar 15 03:20:07 +0000 2020,Fear
643,0,0,0,0,1,0,1,owners are lovin life rn!!,Sun Mar 15 03:20:27 +0000 2020,Fear
651,0,0,0,0,1,0,1,"Oh yeah, all their are . They are -influenced, li‚Ä¶",Sun Mar 15 03:20:48 +0000 2020,Fear
667,0,0,0,0,1,0,1,"We are concerned about , but are more concerned about the and being taken in advance‚Ä¶",Sun Mar 15 03:21:50 +0000 2020,Fear
672,0,0,0,0,1,0,1,: What do you bet the next big buys will be ?,Sun Mar 15 03:22:03 +0000 2020,Fear
678,0,0,0,0,1,0,1,: Sometimes just being there is enough to support someone with . You don't have to be an eert to be there... http‚Ä¶,Sun Mar 15 03:22:15 +0000 2020,Fear
682,0,0,0,0,1,0,1,"It's... the flu. Only, not as bad, so... ! Why? Because... Trump.",Sun Mar 15 03:22:25 +0000 2020,Fear
689,0,0,0,0,1,0,1,"Hey all! Here's a post you might have missed! ""When The Darkness Becomes Too Much.""",Sun Mar 15 03:22:49 +0000 2020,Fear
697,0,0,0,0,1,0,1,New YouTube video out please go check it out discussing,Sun Mar 15 03:23:12 +0000 2020,Fear
742,0,0,0,0,1,0,1,: For all the people that suffer with and (like myself) - all the news is quite overwhelming‚Ä¶,Sun Mar 15 03:25:59 +0000 2020,Fear
744,0,0,0,0,1,0,1,": Oh yeah, all their are . They are -influenced, like in the ‚Ä¶",Sun Mar 15 03:26:04 +0000 2020,Fear
772,0,0,0,0,1,0,1,": ""Driving in midst of "" Mind-wandering can cause higher risks. Be careful! Please Retweet!‚Ä¶",Sun Mar 15 03:28:03 +0000 2020,Fear
790,0,0,0,0,1,0,1,"Amid outbreak, request to inside your home instead of avoiding it totally can forc‚Ä¶",Sun Mar 15 03:29:05 +0000 2020,Fear
806,0,0,0,0,1,0,1,: Our minds can with and is hard because it messes with the imagined future. . ‚Ä¶,Sun Mar 15 03:30:00 +0000 2020,Fear
810,0,0,0,0,1,0,1,Skype for the treatment of through Mindfulness Therapy. See: ‚Ä¶,Sun Mar 15 03:30:04 +0000 2020,Fear
819,0,0,0,0,1,0,1,": No matter how many diseases we have overcome with fear and courage, the main disease of our time remains of .‚Ä¶",Sun Mar 15 03:30:18 +0000 2020,Fear
825,0,0,0,0,1,0,1,"This has been your Talks evening with me, the do-nothing nobody from nowhere, the sad clown, the jester in the Christmas tree.",Sun Mar 15 03:30:54 +0000 2020,Fear
885,0,0,0,0,1,0,1,to looking for for ‚Ä¶,Sun Mar 15 03:35:02 +0000 2020,Fear
898,0,0,0,0,1,0,1,Honestly I feel every time I walk into the room of my patients being ruled out for . Less fear of get‚Ä¶,Sun Mar 15 03:35:48 +0000 2020,Fear
900,0,0,0,0,1,0,1,people tested positive of till Saturday.,Sun Mar 15 03:35:50 +0000 2020,Fear
910,0,0,0,0,1,0,1,is about thinking differently and coming up with a solution without being . The crisis will pss b‚Ä¶,Sun Mar 15 03:36:25 +0000 2020,Fear
948,0,0,0,0,1,0,1,: This is what looks like!,Sun Mar 15 03:38:28 +0000 2020,Fear
966,0,0,0,0,2,0,2,: Now it all makes perfect sense! Haha. ‚Ä¶,Sun Mar 15 03:39:32 +0000 2020,Fear
976,0,0,0,0,1,0,1,The latest The African Literary and Cultural Activism Daily! Thanks to,Sun Mar 15 03:40:21 +0000 2020,Fear
991,0,0,0,0,1,0,1,: Why I Don't Open Up to the People I Love About My Depression.,Sun Mar 15 03:41:14 +0000 2020,Fear
997,0,0,0,0,1,0,1,: Honestly I feel every time I walk into the room of my patients being ruled out for . Less fear of getting infecte‚Ä¶,Sun Mar 15 03:41:38 +0000 2020,Fear
1001,0,0,0,0,1,0,1,I‚Äôm just going to leave this right here. ‚Ä¶,Sun Mar 15 03:42:01 +0000 2020,Fear
1019,0,0,0,0,1,0,1,is an word.,Sun Mar 15 03:43:18 +0000 2020,Fear
1025,0,0,0,0,1,0,1,FEAR IS THE MIND-KILLER!!!!!!,Sun Mar 15 03:43:39 +0000 2020,Fear
1038,0,0,0,0,1,0,1,is the best therapy. With all this crazy society it is easy to get our to match theirs. People‚Ä¶,Sun Mar 15 03:44:19 +0000 2020,Fear
1050,0,0,0,0,1,0,1,See a therapist online via Skype for the treatment of ‚Ä¶,Sun Mar 15 03:45:00 +0000 2020,Fear
1070,0,0,0,0,1,0,1,"sudarsansand : Say No to , Say Yes to . My SandArt of Hon‚Äôble PM Ji with message ‚ÄúS‚Ä¶",Sun Mar 15 03:46:25 +0000 2020,Fear
1079,0,0,0,0,1,0,1,": Is the US on the verge of another ? Not likely. Why? Because during the s depression, the ‚Ä¶",Sun Mar 15 03:47:02 +0000 2020,Fear
1100,0,0,0,0,1,0,1,"Scold me and spank, I was a very bad girl",Sun Mar 15 03:48:23 +0000 2020,Fear
1114,0,0,0,0,1,0,1,"I don‚Äôt understand, either, but is a weird monster.",Sun Mar 15 03:49:16 +0000 2020,Fear
1116,0,0,0,0,1,0,1,: Our minds can with and is hard because it messes with the imagined future. . ‚Ä¶,Sun Mar 15 03:49:28 +0000 2020,Fear
1119,0,0,0,0,1,0,1,"I understand. As a person with , I have similar thoughts. I hope you can feel better soon.",Sun Mar 15 03:49:33 +0000 2020,Fear
1123,0,0,0,0,1,0,1,: Honestly I feel every time I walk into the room of my patients being ruled out for . Less fear of getting infecte‚Ä¶,Sun Mar 15 03:49:54 +0000 2020,Fear
1127,0,0,0,0,1,0,1,Skype Therapy using mindfulness for overcoming and and without drugs. Go to:,Sun Mar 15 03:50:00 +0000 2020,Fear
1128,0,0,0,0,1,0,1,to looking for for ‚Ä¶,Sun Mar 15 03:50:03 +0000 2020,Fear
1131,0,0,0,0,1,0,1,"i am not well mentally, which should elain some things",Sun Mar 15 03:50:14 +0000 2020,Fear
1134,0,0,0,0,1,0,1,in : What it Looks Like and How to Get Help,Sun Mar 15 03:50:15 +0000 2020,Fear
1152,0,0,0,0,1,0,1,Yes! Don‚Äôt let take away your Ô∏è,Sun Mar 15 03:51:14 +0000 2020,Fear
1179,0,0,0,0,2,0,2,: Now it all makes perfect sense! Haha. ‚Ä¶,Sun Mar 15 03:52:37 +0000 2020,Fear
1207,0,0,0,0,1,0,1,": ""Getting over your fear of dying, is the first step in getting over your fear of living."" ‚Äî B. D. Schiers",Sun Mar 15 03:53:42 +0000 2020,Fear
1223,0,0,0,0,1,0,1,: finds skipping is linked to a greater risk of depressive symptoms,Sun Mar 15 03:54:31 +0000 2020,Fear
1225,0,0,0,0,1,0,1,: Yes! Don‚Äôt let take away your Ô∏è,Sun Mar 15 03:54:37 +0000 2020,Fear
1232,0,0,0,0,1,0,1,": is a greenlight for every program, every mandate , grea‚Ä¶",Sun Mar 15 03:55:04 +0000 2020,Fear
1239,0,0,0,0,1,0,1,: finds skipping is linked to a greater risk of depressive symptoms,Sun Mar 15 03:55:23 +0000 2020,Fear
1243,0,0,0,0,1,0,1,What is this nonsense? Not serving alcohol? Curfews? Stop the for fuck's sake. Diseases don't just disappear‚Ä¶,Sun Mar 15 03:55:43 +0000 2020,Fear
1247,0,0,0,0,1,0,1,: reminds me of ü•∫ Tests morality of a panic stricken neighborhood ag‚Ä¶,Sun Mar 15 03:55:54 +0000 2020,Fear
1260,0,0,0,0,1,0,1,STAY in . STAND on the .STOP .,Sun Mar 15 03:56:59 +0000 2020,Fear
1301,0,0,0,0,1,0,1,": With ALL the over the , it's to get caught up in ... ‚Ä¶",Sun Mar 15 03:59:56 +0000 2020,Fear
1303,0,0,0,0,1,0,1,"is one of the form of . Untreated can drive the sufferer to suicide. However,‚Ä¶",Sun Mar 15 04:00:01 +0000 2020,Fear
1311,0,0,0,0,1,0,1,to looking for for ‚Ä¶,Sun Mar 15 04:00:14 +0000 2020,Fear
1355,0,0,0,0,1,0,1,: Detail from the series ‚Äú Rumour of the truth ‚Äú ‚Ä¶,Sun Mar 15 04:01:28 +0000 2020,Fear
1362,0,0,0,0,1,0,1,Hailey giving no FUQ about what not going on,Sun Mar 15 04:01:49 +0000 2020,Fear
1367,0,0,0,0,1,0,1,in mode. are a % certainty Down Under in the ensuing months... ‚Ä¶,Sun Mar 15 04:02:05 +0000 2020,Fear
1376,0,0,0,0,1,0,1,love ‚Ä¶,Sun Mar 15 04:02:33 +0000 2020,Fear
1396,0,0,0,0,1,0,1,: love ‚Ä¶,Sun Mar 15 04:04:02 +0000 2020,Fear
1414,0,0,0,0,1,0,1,: üÜô go check out the full video on YouTube,Sun Mar 15 04:04:22 +0000 2020,Fear
1424,0,0,0,0,1,0,1,: people tested positive of till Saturday.,Sun Mar 15 04:05:01 +0000 2020,Fear
1430,0,0,0,0,1,0,1,: Honestly I feel every time I walk into the room of my patients being ruled out for . Less fear of getting infecte‚Ä¶,Sun Mar 15 04:05:27 +0000 2020,Fear
1462,0,0,0,0,1,0,1,: people tested positive of till Saturday.,Sun Mar 15 04:07:27 +0000 2020,Fear
1472,0,0,0,0,1,0,1,: ü§îü§î I think we're getting a bit carried away http‚Ä¶,Sun Mar 15 04:08:08 +0000 2020,Fear
1485,0,0,0,0,1,0,1,A NHL game would be pretty tame in comparison.,Sun Mar 15 04:09:09 +0000 2020,Fear
1486,0,0,0,0,1,0,1,": ‚Äúbefore BELIEVING the MEDIA, know THAT the‚Ä¶",Sun Mar 15 04:09:14 +0000 2020,Fear
1505,0,0,0,0,1,0,1,"Everyone should watch this! It's a lesson on ! GUNSMOKE (""Prair‚Ä¶",Sun Mar 15 04:10:53 +0000 2020,Fear
1529,0,0,0,0,1,0,1,Trying to make a shidduch here.,Sun Mar 15 04:12:10 +0000 2020,Fear
1530,0,0,0,0,1,0,1,: Honestly I feel every time I walk into the room of my patients being ruled out for . Less fear of getting infecte‚Ä¶,Sun Mar 15 04:12:13 +0000 2020,Fear
1533,0,0,0,0,1,0,1,: Honestly I feel every time I walk into the room of my patients being ruled out for . Less fear of getting infecte‚Ä¶,Sun Mar 15 04:12:19 +0000 2020,Fear
1557,0,0,0,0,1,0,1,"This is what are shelves look like. Deli, Dairy, Meat, &amp; paper products.",Sun Mar 15 04:14:15 +0000 2020,Fear
1566,0,0,0,0,1,0,1,: is worse than,Sun Mar 15 04:15:00 +0000 2020,Fear
1577,0,0,0,0,1,0,1,requires to pass the test! ‚Ä¶,Sun Mar 15 04:15:28 +0000 2020,Fear
1606,0,0,0,0,1,0,1,WHY THIS IS NOT ON THE .... CAUSE THEY WANT and If our own president was around peopl‚Ä¶,Sun Mar 15 04:17:10 +0000 2020,Fear
1621,0,0,0,0,1,0,1,Did something happen to make you start feeling this way?,Sun Mar 15 04:17:54 +0000 2020,Fear
1642,0,0,0,0,1,0,1,: to looking for for ‚Ä¶,Sun Mar 15 04:19:01 +0000 2020,Fear
1647,0,0,0,0,1,0,1,: commander prosecuted in Austria for,Sun Mar 15 04:19:25 +0000 2020,Fear
1720,0,0,0,0,1,0,1,: to looking for for ‚Ä¶,Sun Mar 15 04:23:40 +0000 2020,Fear
1742,0,0,0,0,1,0,1,Online Psychotherapist using Mindfulness for Depression. Contact me if you are struggling with . See: ‚Ä¶,Sun Mar 15 04:25:01 +0000 2020,Fear
1745,0,0,0,0,1,0,1,to looking for for ‚Ä¶,Sun Mar 15 04:25:02 +0000 2020,Fear
1747,0,0,0,0,1,0,1,"In d world of , best way to maintain sanity n avoid due to is to get ur news filtered‚Ä¶",Sun Mar 15 04:25:08 +0000 2020,Fear
1761,0,0,0,0,1,0,1,this is how to show a loved one you care: How can I best support you right now?,Sun Mar 15 04:25:47 +0000 2020,Fear
1766,0,0,0,0,1,0,1,": is a greenlight for every program, every mandate , grea‚Ä¶",Sun Mar 15 04:25:58 +0000 2020,Fear
1777,0,0,0,0,1,0,1,knows,Sun Mar 15 04:26:43 +0000 2020,Fear
1804,0,0,0,0,1,0,1,: Sharing our stories helps ! Interviews of who've dealt with and/or oth‚Ä¶,Sun Mar 15 04:28:42 +0000 2020,Fear
1825,0,0,0,0,1,0,1,looking for for,Sun Mar 15 04:30:06 +0000 2020,Fear
1858,0,0,0,0,1,0,1,: STAY in . STAND on the .STOP .,Sun Mar 15 04:32:11 +0000 2020,Fear
1884,0,0,0,0,1,0,1,y'all....im getting tired of my family mongering with this BS . I work in that‚Ä¶,Sun Mar 15 04:34:02 +0000 2020,Fear
1910,0,0,0,0,1,0,1,Cleaning services say it's business as usual amid of COVID-19 - Mar :32 AM ET,Sun Mar 15 04:35:20 +0000 2020,Fear
1937,0,0,0,0,1,0,1,Dear &amp; twitterless Chapek ..this is handling of wrap up w/ closures that of had to happen (un‚Ä¶,Sun Mar 15 04:37:15 +0000 2020,Fear
1989,0,0,0,0,1,0,1,: Coronavirus is going to get me like this soon ‚Ä¶,Sun Mar 15 04:39:47 +0000 2020,Fear
2011,0,0,0,0,1,0,1,: I've been doing social distancing since before it was mainstream.,Sun Mar 15 04:41:06 +0000 2020,Fear
2030,0,0,0,0,1,0,1,BE THERE NO ONE FIGHTS ALONE,Sun Mar 15 04:42:18 +0000 2020,Fear
2074,0,0,0,0,1,0,1,"NO MORE.....Mess with the Bull, You WILL get the HORNS!!!!!! ‚Ä¶",Sun Mar 15 04:44:43 +0000 2020,Fear
2076,0,0,0,0,1,0,1,": ""What will happen, we don't control. Be but do not choose to live in "" ‚Ä¶",Sun Mar 15 04:44:49 +0000 2020,Fear
2101,0,0,0,0,1,0,1,The latest The Neora Daily! Thanks to,Sun Mar 15 04:45:52 +0000 2020,Fear
2118,0,0,0,0,1,0,1,The latest Investing! Thanks to,Sun Mar 15 04:46:47 +0000 2020,Fear
2120,0,0,0,0,1,0,1,": Fluoride causes leading to , weight gain",Sun Mar 15 04:47:00 +0000 2020,Fear
2139,0,0,0,0,1,0,1,I saw this and felt like I needed to share it. I get that there is a lot of and scary crap going around about‚Ä¶,Sun Mar 15 04:48:19 +0000 2020,Fear
2173,0,0,0,0,1,0,1,to looking for for ‚Ä¶,Sun Mar 15 04:50:02 +0000 2020,Fear
2175,0,0,0,0,1,0,1,‚Äî‚Äî‚Äî‚Äî‚Äî‚Äî‚Äî‚Äî-=LIVE You do the math.,Sun Mar 15 04:50:07 +0000 2020,Fear
2180,0,0,0,0,1,0,1,ummm my iPhone made me videos of and I want to share so ppl know this is what looks like ‚ÄçÔ∏è Che‚Ä¶,Sun Mar 15 04:50:33 +0000 2020,Fear
2183,0,0,0,0,1,0,1,I feel so broken..,Sun Mar 15 04:50:43 +0000 2020,Fear
2214,0,0,0,0,1,0,1,This is the definition of,Sun Mar 15 04:52:37 +0000 2020,Fear
2241,0,0,0,0,1,0,1,enters bear mode. has taken over . Investor's lost over Lac crores in a month.‚Ä¶,Sun Mar 15 04:54:32 +0000 2020,Fear
2251,0,0,0,0,1,0,1,": ‚Äúbefore BELIEVING the MEDIA, know THAT the‚Ä¶",Sun Mar 15 04:55:14 +0000 2020,Fear
2258,0,0,0,0,1,0,1,is weapon,Sun Mar 15 04:55:52 +0000 2020,Fear
2259,0,0,0,0,1,0,1,: Do not be afraid or discouraged. For the Lord your God is with you wherever you go. Joshua :9b ‚Ä¶,Sun Mar 15 04:55:55 +0000 2020,Fear
2288,0,0,0,0,1,0,1,It is possible to get out of . Just make sure you leave all people and things that kept you in depressio‚Ä¶,Sun Mar 15 04:57:49 +0000 2020,Fear
2303,0,0,0,0,1,0,1,It is possible to get out of . Just make sure you leave all people and things that kept you in depressio‚Ä¶,Sun Mar 15 04:59:11 +0000 2020,Fear
2321,0,0,0,0,1,0,1,: enters bear mode. has taken over . Investor's lost over Lac crores in a month. for‚Ä¶,Sun Mar 15 05:00:08 +0000 2020,Fear
2345,0,0,0,0,1,0,1,Those with severe and debilitating forms of mental illness such as may require more detai‚Ä¶,Sun Mar 15 05:01:35 +0000 2020,Fear
2374,0,0,0,0,1,0,1,I wish I was happy but I‚Äôm not,Sun Mar 15 05:03:15 +0000 2020,Fear
2395,0,0,0,0,1,0,1,: Ô∏è conquers all. Hear what other souls have to say. Spread the love not the,Sun Mar 15 05:04:17 +0000 2020,Fear
2412,0,0,0,0,1,0,1,Talk to a psychotherapist via Skype for help with depression. Contact me if you are struggling with . Se‚Ä¶,Sun Mar 15 05:05:00 +0000 2020,Fear
2420,0,0,0,0,1,0,1,: reminds me of ü•∫ Tests morality of a panic stricken neighborhood ag‚Ä¶,Sun Mar 15 05:05:25 +0000 2020,Fear
2458,0,0,0,0,1,0,1,": is a greenlight for every program, every mandate , grea‚Ä¶",Sun Mar 15 05:07:28 +0000 2020,Fear
2461,0,0,0,0,1,0,1,Especially Songs Love and Self-Care. Let‚Äôs not subscribe to and let‚Äôs . I love you all!‚Ä¶,Sun Mar 15 05:07:43 +0000 2020,Fear
2464,0,0,0,0,1,0,1,": if you found a way to bring your out of , ‚Ä¶",Sun Mar 15 05:07:49 +0000 2020,Fear
2469,0,0,0,0,1,0,1,Both of my littles are leaving on Monday until the fall semester. They both live in socal and I live.,Sun Mar 15 05:08:01 +0000 2020,Fear
2488,0,0,0,0,1,0,1,: to looking for for ‚Ä¶,Sun Mar 15 05:09:19 +0000 2020,Fear
2496,0,0,0,0,1,0,1,"Guys, the time to is when the goes silent. Pay attention!",Sun Mar 15 05:09:59 +0000 2020,Fear
2505,0,0,0,0,1,0,1,I WHOLEHEARTEDLY AGREE!! The is a media driven !!!,Sun Mar 15 05:10:22 +0000 2020,Fear
2527,0,0,0,0,1,0,1,"is a flaw in chemistry, not in character. is complicated‚Äîit hurts all of us. Talking about‚Ä¶",Sun Mar 15 05:11:32 +0000 2020,Fear
2546,0,0,0,0,1,0,1,Especially LOVE SONGS and SELF-CARE. Let‚Äôs not subscribe to and let‚Äôs . I LOVE YOU ALL!‚Ä¶,Sun Mar 15 05:12:45 +0000 2020,Fear
2556,0,0,0,0,1,0,1,I saw this last year and It helps me when dealing with a bout of,Sun Mar 15 05:13:14 +0000 2020,Fear
2561,0,0,0,0,1,0,1,When Hobbs started bare hand gliding down a building on metal cable wires..,Sun Mar 15 05:13:34 +0000 2020,Fear
2571,0,0,0,0,1,0,1,I‚Äôd like to know others eeriences with severe mental issues like . Do you lack structure‚Ä¶,Sun Mar 15 05:14:03 +0000 2020,Fear
2581,0,0,0,0,1,0,1,"Spread , not !!",Sun Mar 15 05:14:52 +0000 2020,Fear
2585,0,0,0,0,1,0,1,looking for for ‚Ä¶,Sun Mar 15 05:15:02 +0000 2020,Fear
2587,0,0,0,0,1,0,1,FAITH OVER FEAR ‚Ä¶,Sun Mar 15 05:15:02 +0000 2020,Fear
2593,0,0,0,0,1,0,1,I have no reason to live. I'll kill myself .,Sun Mar 15 05:15:11 +0000 2020,Fear
2609,0,0,0,0,1,0,1,It's obvious that the may lead to high levels of &amp; possible . Pls TEXT‚Ä¶,Sun Mar 15 05:16:00 +0000 2020,Fear
2610,0,0,0,0,1,0,1,: I‚Äôd like to know others eeriences with severe mental issues like . Do you lack structure moti‚Ä¶,Sun Mar 15 05:16:02 +0000 2020,Fear
2617,0,0,0,0,1,0,1,Important Signs You May Need Help for Depression Now - via ‚Ä¶,Sun Mar 15 05:16:42 +0000 2020,Fear
2624,0,0,0,0,1,0,1,: Talk to a psychotherapist via Skype for help with depression. Contact me if you are struggling with . See: h‚Ä¶,Sun Mar 15 05:17:03 +0000 2020,Fear
2625,0,0,0,0,1,0,1,The Problem facing the now is that of is than the Virus itself! CoronaVirus is infec‚Ä¶,Sun Mar 15 05:17:07 +0000 2020,Fear
2636,0,0,0,0,1,0,1,Have you talked to anyone about how you feel?,Sun Mar 15 05:17:45 +0000 2020,Fear
2652,0,0,0,0,1,0,1,Feeling or In Moded? Read /Listen to,Sun Mar 15 05:19:13 +0000 2020,Fear
2660,0,0,0,0,1,0,1,Feeling or In Mode? Read /Listen to,Sun Mar 15 05:19:47 +0000 2020,Fear
2661,0,0,0,0,1,0,1,"Let's distract our brains from and . A twist on degrees of separation ~ feet (or meters, for metr‚Ä¶",Sun Mar 15 05:19:50 +0000 2020,Fear
2705,0,0,0,0,1,0,1,: Please join us for Episode - McCarthyism And The Second Red Scare,Sun Mar 15 05:22:36 +0000 2020,Fear
2733,0,0,0,0,1,0,1,I constantly feel like I‚Äôm drowning and I can‚Äôt see a way out.,Sun Mar 15 05:24:27 +0000 2020,Fear
2754,0,0,0,0,1,0,1,": Ô∏è this story of a psychologist mom‚Äôs journey with her daughter‚Äôs . As a child psychiatrist, I have seen many‚Ä¶",Sun Mar 15 05:26:04 +0000 2020,Fear
2769,0,0,0,0,1,0,1,": It's about that time, anons...",Sun Mar 15 05:27:06 +0000 2020,Fear
2774,0,0,0,0,1,0,1,Those with do you find it hard to apply therapy suggestions at home. ‚Ä¶,Sun Mar 15 05:27:16 +0000 2020,Fear
2778,0,0,0,0,1,0,1,": is a flaw in chemistry, not in character. is complicated‚Äîit hurts all of us. Talking about it a‚Ä¶",Sun Mar 15 05:27:27 +0000 2020,Fear
2800,0,0,0,0,1,0,1,at for me to make it all be ‚Ä¶,Sun Mar 15 05:29:03 +0000 2020,Fear
2802,0,0,0,0,1,0,1,The leftists will always protect communist China and use attacking Russia relentlessly as a cover.,Sun Mar 15 05:29:09 +0000 2020,Fear
2827,0,0,0,0,1,0,1,"When it comes to , , , a person doesn‚Äôt know they are going through that, and so‚Ä¶",Sun Mar 15 05:31:01 +0000 2020,Fear
2845,0,0,0,0,1,0,1,: ‚ÄúFear Not‚Äù playlist: ‚Ä¶,Sun Mar 15 05:33:01 +0000 2020,Fear
2872,0,0,0,0,1,0,1,": ‚Äúbefore BELIEVING the MEDIA, know THAT the‚Ä¶",Sun Mar 15 05:35:40 +0000 2020,Fear
2878,0,0,0,0,1,0,1,: Killing us,Sun Mar 15 05:36:10 +0000 2020,Fear
2911,0,0,0,0,1,0,1,Let us spread positivity and not .,Sun Mar 15 05:38:49 +0000 2020,Fear
2917,0,0,0,0,1,0,1,: Is Not Your Entire Identity || == ‚Ä¶,Sun Mar 15 05:39:28 +0000 2020,Fear
2924,0,0,0,0,1,0,1,Skype Therapy using mindfulness for overcoming and &amp; without drugs. Visit:,Sun Mar 15 05:40:00 +0000 2020,Fear
2948,0,0,0,0,1,0,1,Do not fear mistakes. You will know failure. Continue to reach out.... ‚Ä¶,Sun Mar 15 05:41:55 +0000 2020,Fear
2956,0,0,0,0,1,0,1,Cause I can now move on and find me again now the toxic person is gone,Sun Mar 15 05:42:20 +0000 2020,Fear
2957,0,0,0,0,1,0,1,A technique used and practiced when feeling or is called a grounding exercise.Grounding is‚Ä¶,Sun Mar 15 05:42:26 +0000 2020,Fear
2986,0,0,0,0,1,0,1,I‚Äôm just going to leave this right here. ‚Ä¶,Sun Mar 15 05:44:27 +0000 2020,Fear
2990,0,0,0,0,1,0,1,": When it comes to , , , a person doesn‚Äôt know they are going through that, and so it‚Äôs up t‚Ä¶",Sun Mar 15 05:44:39 +0000 2020,Fear
2994,0,0,0,0,1,0,1,Online Treatment for via Skype. Contact me if you are struggling with depression. Go to:‚Ä¶,Sun Mar 15 05:45:00 +0000 2020,Fear
2999,0,0,0,0,1,0,1,: Detail from the series ‚Äú Rumour of the truth ‚Äú ‚Ä¶,Sun Mar 15 05:45:27 +0000 2020,Fear
3012,0,0,0,0,1,0,1,: at for me to make it all be ‚Ä¶,Sun Mar 15 05:46:39 +0000 2020,Fear
3046,0,0,0,0,1,0,1,"Alright, alright, ya gonna learn tonight!! Navarre,‚Ä¶",Sun Mar 15 05:49:14 +0000 2020,Fear
3055,0,0,0,0,1,0,1,"¬ìGod, do not let him kill Boug√©!¬î FOREWARNED",Sun Mar 15 05:50:02 +0000 2020,Fear
3058,0,0,0,0,1,0,1,This is a movement that freed us ..not Anc..N now ppl are pretending as if they don't PAC were ‚Ä¶,Sun Mar 15 05:50:11 +0000 2020,Fear
3074,0,0,0,0,1,0,1,"Eing the and , PANIC, PANIC BTW - Who is Q???",Sun Mar 15 05:51:37 +0000 2020,Fear
3119,0,0,0,0,2,0,2,: Now it all makes perfect sense! Haha. ‚Ä¶,Sun Mar 15 05:56:46 +0000 2020,Fear
3121,0,0,0,0,1,0,1,I'm not doing so good tonight. I could use some words of encouragement or something. ‚Ä¶,Sun Mar 15 05:57:20 +0000 2020,Fear
3143,0,0,0,0,1,0,1,"For Your Own Good, Please Don't - Helpful Tips to Keep Your",Sun Mar 15 05:59:21 +0000 2020,Fear
3146,0,0,0,0,1,0,1,: Please join us for Episode - McCarthyism And The Second Red Scare,Sun Mar 15 05:59:40 +0000 2020,Fear
3147,0,0,0,0,1,0,1,Final Kill! -Army,Sun Mar 15 05:59:46 +0000 2020,Fear
3166,0,0,0,0,1,0,1,: Final Kill! -Army htt‚Ä¶,Sun Mar 15 06:00:40 +0000 2020,Fear
3172,0,0,0,0,1,0,1,: Final Kill! -Army htt‚Ä¶,Sun Mar 15 06:00:52 +0000 2020,Fear
3197,0,0,0,0,1,0,1,": ‚Äúbefore BELIEVING the MEDIA, know THAT the‚Ä¶",Sun Mar 15 06:03:03 +0000 2020,Fear
3241,0,0,0,0,1,0,1,: Ô∏è conquers all. Hear what other souls have to say. Spread the love not the,Sun Mar 15 06:06:48 +0000 2020,Fear
3271,0,0,0,0,1,0,1,Found these at the Walmarts today and they cured my depression for a hot second,Sun Mar 15 06:08:56 +0000 2020,Fear
3274,0,0,0,0,1,0,1,"to , to SAARC Secretariat, nations welcome PM Narendra Modi's initiative to fight Cov‚Ä¶",Sun Mar 15 06:09:00 +0000 2020,Fear
3285,0,0,0,0,1,0,1,"my response to the occuring in with last minute of classes, res‚Ä¶",Sun Mar 15 06:10:06 +0000 2020,Fear
3286,0,0,0,0,1,0,1,": to , to SAARC Secretariat, nations welcome PM Narendra Modi's initiative to fight Covid-19 h‚Ä¶",Sun Mar 15 06:10:11 +0000 2020,Fear
3294,0,0,0,0,1,0,1,Poetry like prose style site:In the craze for rights we forget we need duty too-childhood &amp; old age,Sun Mar 15 06:11:01 +0000 2020,Fear
3298,0,0,0,0,1,0,1,"Enemy of the People - Rude Reporters Lash Out at Over - Media Hysteria Causes Buying, Am‚Ä¶",Sun Mar 15 06:11:45 +0000 2020,Fear
3299,0,0,0,0,1,0,1,": to , to SAARC Secretariat, nations welcome PM Narendra Modi's initiative to fight Covid-19 h‚Ä¶",Sun Mar 15 06:11:47 +0000 2020,Fear
3315,0,0,0,0,1,0,1,"Shot instances throughout mosque bloodbath, survivor overcomes worry ‚Ä¶",Sun Mar 15 06:13:01 +0000 2020,Fear
3316,0,0,0,0,1,0,1,": to , to SAARC Secretariat, nations welcome PM Narendra Modi's initiative to fight Covid-19 h‚Ä¶",Sun Mar 15 06:13:05 +0000 2020,Fear
3327,0,0,0,0,1,0,1,"world suffering from I am suffering from , my girl left me alone, what should i do ?? shou‚Ä¶",Sun Mar 15 06:14:09 +0000 2020,Fear
3338,0,0,0,0,1,0,1,I have no reason to live. so I'll just end it .,Sun Mar 15 06:15:12 +0000 2020,Fear
3373,0,0,0,0,1,0,1,Have you talked to anyone about how you feel?,Sun Mar 15 06:18:02 +0000 2020,Fear
3397,0,0,0,0,1,0,1,Should turbulence be something to be legitimately scared of?,Sun Mar 15 06:20:07 +0000 2020,Fear
3421,0,0,0,0,1,0,1,": to , to SAARC Secretariat, nations welcome PM Narendra Modi's initiative to fight Covid-19 h‚Ä¶",Sun Mar 15 06:21:53 +0000 2020,Fear
3434,0,0,0,0,1,0,1,": With ALL the over the , it's to get caught up in ... ‚Ä¶",Sun Mar 15 06:22:59 +0000 2020,Fear
3440,0,0,0,0,1,0,1,Daft at . Nothing left for those who are truly in need. Think of others!‚Ä¶,Sun Mar 15 06:23:49 +0000 2020,Fear
3451,0,0,0,0,1,0,1,Are Now In Control,Sun Mar 15 06:24:57 +0000 2020,Fear
3452,0,0,0,0,1,0,1,Skype Therapy using mindfulness for healing and,Sun Mar 15 06:25:00 +0000 2020,Fear
3459,0,0,0,0,1,0,1,This needs to fuck off.,Sun Mar 15 06:25:13 +0000 2020,Fear
3482,0,0,0,0,1,0,1,"The latest The etizolam,anxiety, depression, etilaam, etizex, insomnia Daily!",Sun Mar 15 06:28:06 +0000 2020,Fear
3483,0,0,0,0,2,0,2,Fear and frustration can hold back true growth. Minimalism can be a tool to tackling ‚Ä¶,Sun Mar 15 06:28:13 +0000 2020,Fear
3492,0,0,0,0,1,0,1,: is great for and can improve and lower and : P‚Ä¶,Sun Mar 15 06:28:43 +0000 2020,Fear
3541,0,0,0,0,1,0,1,: Don't hit button yet,Sun Mar 15 06:33:56 +0000 2020,Fear
3587,0,0,0,0,1,0,1,the best for is . ‚Ä¶,Sun Mar 15 06:38:28 +0000 2020,Fear
3601,0,0,0,0,1,0,1,Now that I can‚Äôt do anything do to I guess I‚Äôll learn python,Sun Mar 15 06:39:43 +0000 2020,Fear
3608,0,0,0,0,1,0,1,The latest The stroke survivor's Daily! Thanks to,Sun Mar 15 06:40:23 +0000 2020,Fear
3639,0,0,0,0,1,0,1,... &amp; One more thing‚Ä¶ Until you Try the Pow‚Ä¶,Sun Mar 15 06:42:19 +0000 2020,Fear
3642,0,0,0,0,1,0,1,Truth about from MIT Phd V.A. Shiva.,Sun Mar 15 06:42:36 +0000 2020,Fear
3656,0,0,0,0,1,0,1,Positive news: Trump tests negative for the ‚Äúforeign virus.‚Äù,Sun Mar 15 06:43:59 +0000 2020,Fear
3699,0,0,0,0,1,0,1,YOU &amp; CAN'T DO IS CONTROLLED IN YOUR - IMPEDES - PROPELS YOU-JesusCh‚Ä¶,Sun Mar 15 06:47:17 +0000 2020,Fear
3728,0,0,0,0,1,0,1,": When you change your thought patterns, you change your brain and life. ‚Ä¶",Sun Mar 15 06:50:05 +0000 2020,Fear
3733,0,0,0,0,1,0,1,": When you change your thought patterns, you change your brain and life. ‚Ä¶",Sun Mar 15 06:50:40 +0000 2020,Fear
3739,0,0,0,0,1,0,1,: SEVENTEEN SPECIAL CLIP,Sun Mar 15 06:51:31 +0000 2020,Fear
3745,0,0,0,0,1,0,1,: finds skipping is linked to a greater risk of depressive symptoms,Sun Mar 15 06:51:55 +0000 2020,Fear
3759,0,0,0,0,2,0,2,: Fear and frustration can hold back true growth. Minimalism can be a tool to tackling ‚Ä¶,Sun Mar 15 06:53:08 +0000 2020,Fear
3763,0,0,0,0,1,0,1,"If you‚Äôre a , fuck you thanks for letting the rest of us starve",Sun Mar 15 06:53:15 +0000 2020,Fear
3774,0,0,0,0,1,0,1,": to , to SAARC Secretariat, nations welcome PM Narendra Modi's initiative to fight Covid-19 h‚Ä¶",Sun Mar 15 06:54:10 +0000 2020,Fear
3782,0,0,0,0,1,0,1,Different views of scared,Sun Mar 15 06:54:58 +0000 2020,Fear
3787,0,0,0,0,1,0,1,: and managed to cope with a infection in . All without . That's‚Ä¶,Sun Mar 15 06:55:19 +0000 2020,Fear
3789,0,0,0,0,1,0,1,are prepare to things are easy.... gone...,Sun Mar 15 06:55:43 +0000 2020,Fear
3796,0,0,0,0,1,0,1,not we will fight COVID-19 together. And we will win this battle. We claim it.,Sun Mar 15 06:56:36 +0000 2020,Fear
3804,0,0,0,0,1,0,1,: Honestly I feel every time I walk into the room of my patients being ruled out for . Less fear of getting infecte‚Ä¶,Sun Mar 15 06:57:10 +0000 2020,Fear
3836,0,0,0,0,1,0,1,‚ÄúFear cuts deeper than swords.‚Äù ‚Äï George R.R. Martin.,Sun Mar 15 06:59:32 +0000 2020,Fear
3862,0,0,0,0,1,0,1,"If you‚Äôre dealing with , , or any other concerns, My Mental Health Secret is here.",Sun Mar 15 07:00:49 +0000 2020,Fear
3863,0,0,0,0,1,0,1,I have a prescribed moisturiser that is also antimicrobial soap. I bought a cheap moisturiser‚Ä¶,Sun Mar 15 07:00:50 +0000 2020,Fear
3916,0,0,0,0,1,0,1,Katie you are a hero and a roll model. Your parent's razed you good! ‚Ä¶,Sun Mar 15 07:04:27 +0000 2020,Fear
3951,0,0,0,0,1,0,1,Let‚Äôs not let the continue to their viewers anymore! They might start acting like this!‚è¨‚Ä¶,Sun Mar 15 07:06:25 +0000 2020,Fear
3989,0,0,0,0,1,0,1,When my ex said I don‚Äôt love you I felt that because I don‚Äôt love myself either,Sun Mar 15 07:09:16 +0000 2020,Fear
4006,0,0,0,0,1,0,1,"To move , you must what‚Äôs holding you back. Sometimes, the best way to get rid of is confro‚Ä¶",Sun Mar 15 07:11:02 +0000 2020,Fear
4025,0,0,0,0,1,0,1,": to , to SAARC Secretariat, nations welcome PM Narendra Modi's initiative to fight Covid-19 h‚Ä¶",Sun Mar 15 07:12:33 +0000 2020,Fear
4029,0,0,0,0,1,0,1,"A must-watch for anyone who has ever suffered from , or known someone who has:",Sun Mar 15 07:12:58 +0000 2020,Fear
4049,0,0,0,0,1,0,1,People are and have been getting tested. Stop fear-mongering.,Sun Mar 15 07:14:20 +0000 2020,Fear
4058,0,0,0,0,1,0,1,looking for for ‚Ä¶,Sun Mar 15 07:15:04 +0000 2020,Fear
4061,0,0,0,0,1,0,1,", Pandemic, and the Body Politic now trending on Monkey Viral -",Sun Mar 15 07:15:12 +0000 2020,Fear
4095,0,0,0,0,1,0,1,This Is How the Richest % Keep Calm and Carry On,Sun Mar 15 07:17:41 +0000 2020,Fear
4096,0,0,0,0,1,0,1,Have you thought about getting help?,Sun Mar 15 07:17:48 +0000 2020,Fear
4097,0,0,0,0,1,0,1,": , , and are three of the most-searched mental illnesses online. Learn how to spot signs of st‚Ä¶",Sun Mar 15 07:17:49 +0000 2020,Fear
4120,0,0,0,0,1,0,1,Uncomfortable Conversation . . . . . ‚Ä¶,Sun Mar 15 07:19:09 +0000 2020,Fear
4121,0,0,0,0,1,0,1,: looking for for ‚Ä¶,Sun Mar 15 07:19:18 +0000 2020,Fear
4133,0,0,0,0,1,0,1,: looking for for ‚Ä¶,Sun Mar 15 07:20:29 +0000 2020,Fear
4180,0,0,0,0,1,0,1,The Fog (1980) ‚Ä¶,Sun Mar 15 07:23:27 +0000 2020,Fear
4183,0,0,0,0,1,0,1,means Paying Attention to Non- corroborated Info on Covid19,Sun Mar 15 07:23:44 +0000 2020,Fear
4199,0,0,0,0,1,0,1,I'd just watched the ig stories of proud of you brave women. Salute! Ô∏è,Sun Mar 15 07:25:06 +0000 2020,Fear
4237,0,0,0,0,1,0,1,EverydayHealth: Tips for parenting while dealing with,Sun Mar 15 07:28:11 +0000 2020,Fear
4241,0,0,0,0,1,0,1,": ‚Äúbefore BELIEVING the MEDIA, know THAT the‚Ä¶",Sun Mar 15 07:28:20 +0000 2020,Fear
4252,0,0,0,0,1,0,1,Dit is heel mooi verwoord: Steals Your Soul and Then it Takes Your Friends - VICE,Sun Mar 15 07:29:17 +0000 2020,Fear
4324,0,0,0,0,1,0,1,Some people are meant to have hard lives or no friends. It sucks but it happens.,Sun Mar 15 07:34:42 +0000 2020,Fear
4325,0,0,0,0,1,0,1,Having insomnia and depression hits different,Sun Mar 15 07:34:46 +0000 2020,Fear
4360,0,0,0,0,1,0,1,Making sure to take my ... ‚Ä¶,Sun Mar 15 07:38:02 +0000 2020,Fear
4369,0,0,0,0,1,0,1,Fear my Bosses.... my Gh Artist... dey pass...,Sun Mar 15 07:39:00 +0000 2020,Fear
4389,0,0,0,0,1,0,1,Patriots are now in control üá∫üá∏,Sun Mar 15 07:40:45 +0000 2020,Fear
4393,0,0,0,0,1,0,1,: Making sure to take my ... ‚Ä¶,Sun Mar 15 07:40:57 +0000 2020,Fear
4402,0,0,0,0,1,0,1,At least it seems that I am the only one buying and,Sun Mar 15 07:42:12 +0000 2020,Fear
4417,0,0,0,0,1,0,1,: enters bear mode. has taken over . Investor's lost over Lac crores in a month. ‚Ä¶,Sun Mar 15 07:43:07 +0000 2020,Fear
4423,0,0,0,0,1,0,1,: reminds me of ü•∫ Tests morality of a panic stricken neighborhood ag‚Ä¶,Sun Mar 15 07:43:39 +0000 2020,Fear
4433,0,0,0,0,1,0,1,lessons to overcome fear in - via,Sun Mar 15 07:44:59 +0000 2020,Fear
4452,0,0,0,0,1,0,1,: FEAR has two meanings; Forget Everything And Run or Face Everything And Rise ‚Ä¶,Sun Mar 15 07:46:38 +0000 2020,Fear
4458,0,0,0,0,1,0,1,: FEAR has two meanings; Forget Everything And Run or Face Everything And Rise ‚Ä¶,Sun Mar 15 07:47:08 +0000 2020,Fear
4460,0,0,0,0,1,0,1,: FEAR has two meanings; Forget Everything And Run or Face Everything And Rise ‚Ä¶,Sun Mar 15 07:47:18 +0000 2020,Fear
4461,0,0,0,0,1,0,1,: FEAR has two meanings; Forget Everything And Run or Face Everything And Rise ‚Ä¶,Sun Mar 15 07:47:30 +0000 2020,Fear
4464,0,0,0,0,1,0,1,: FEAR has two meanings; Forget Everything And Run or Face Everything And Rise ‚Ä¶,Sun Mar 15 07:47:42 +0000 2020,Fear
4465,0,0,0,0,1,0,1,: FEAR has two meanings; Forget Everything And Run or Face Everything And Rise ‚Ä¶,Sun Mar 15 07:47:42 +0000 2020,Fear
4468,0,0,0,0,1,0,1,: FEAR has two meanings; Forget Everything And Run or Face Everything And Rise ‚Ä¶,Sun Mar 15 07:47:51 +0000 2020,Fear
4471,0,0,0,0,1,0,1,Man charged with stealing toilet paper amidst,Sun Mar 15 07:48:02 +0000 2020,Fear
4472,0,0,0,0,1,0,1,"The is a serious worldwide pandemic, but I believe this too shall pass. Please don‚Äôt",Sun Mar 15 07:48:03 +0000 2020,Fear
4473,0,0,0,0,1,0,1,: FEAR has two meanings; Forget Everything And Run or Face Everything And Rise ‚Ä¶,Sun Mar 15 07:48:06 +0000 2020,Fear
4474,0,0,0,0,1,0,1,: FEAR has two meanings; Forget Everything And Run or Face Everything And Rise ‚Ä¶,Sun Mar 15 07:48:13 +0000 2020,Fear
4485,0,0,0,0,1,0,1,: FEAR has two meanings; Forget Everything And Run or Face Everything And Rise ‚Ä¶,Sun Mar 15 07:49:08 +0000 2020,Fear
4486,0,0,0,0,1,0,1,: FEAR has two meanings; Forget Everything And Run or Face Everything And Rise ‚Ä¶,Sun Mar 15 07:49:09 +0000 2020,Fear
4499,0,0,0,0,1,0,1,: FEAR has two meanings; Forget Everything And Run or Face Everything And Rise ‚Ä¶,Sun Mar 15 07:49:52 +0000 2020,Fear
4502,0,0,0,0,1,0,1,: FEAR has two meanings; Forget Everything And Run or Face Everything And Rise ‚Ä¶,Sun Mar 15 07:50:01 +0000 2020,Fear
4519,0,0,0,0,1,0,1,: FEAR has two meanings; Forget Everything And Run or Face Everything And Rise ‚Ä¶,Sun Mar 15 07:50:23 +0000 2020,Fear
4523,0,0,0,0,1,0,1,: FEAR has two meanings; Forget Everything And Run or Face Everything And Rise ‚Ä¶,Sun Mar 15 07:50:39 +0000 2020,Fear
4543,0,0,0,0,1,0,1,It looks as though these men aren‚Äôt exactly eerienced shoppers,Sun Mar 15 07:52:04 +0000 2020,Fear
4553,0,0,0,0,1,0,1,: Banish the Blues Now by : ‚Ä¶,Sun Mar 15 07:52:42 +0000 2020,Fear
4554,0,0,0,0,1,0,1,How sunlight and serotonin/ melatonin deeply linked to sleep cycles nicely narrated,Sun Mar 15 07:52:46 +0000 2020,Fear
4572,0,0,0,0,2,0,2,"With the and over the , sometimes we need a technique to stop our runaway emotions. This b‚Ä¶",Sun Mar 15 07:54:02 +0000 2020,Fear
4577,0,0,0,0,2,0,2,": With the and over the , sometimes we need a technique to stop our runaway e‚Ä¶",Sun Mar 15 07:54:17 +0000 2020,Fear
4594,0,0,0,0,1,0,1,: Latest blog hot off the press. We should talk about in the same way we that talk about any other physical‚Ä¶,Sun Mar 15 07:55:51 +0000 2020,Fear
4678,0,0,0,0,1,0,1,Beauty and terror... No feeling is final ¬∞ ¬∞ ¬∞ ¬∞ ‚Ä¶,Sun Mar 15 08:01:46 +0000 2020,Fear
4700,0,0,0,0,1,0,1,CoronaVirus is spreading more because of media and news than humans now !!,Sun Mar 15 08:02:55 +0000 2020,Fear
4729,0,0,0,0,1,0,1,: Some people are meant to have hard lives or no friends. It sucks but it happens.,Sun Mar 15 08:05:28 +0000 2020,Fear
4735,0,0,0,0,1,0,1,: and are two different things. Prepping is done rather slowly over time. buying and hoarding jus‚Ä¶,Sun Mar 15 08:05:56 +0000 2020,Fear
4737,0,0,0,0,1,0,1,OK maybe by April we will have testing and paid sick leave underway. So less ?,Sun Mar 15 08:06:18 +0000 2020,Fear
4738,0,0,0,0,1,0,1,"Just want to say do not , healthy, do regular , maintain drink water and inha‚Ä¶",Sun Mar 15 08:06:22 +0000 2020,Fear
4770,0,0,0,0,1,0,1,"While the and everyone allows and to take hold, imma to recent ‚Ä¶",Sun Mar 15 08:08:55 +0000 2020,Fear
4778,0,0,0,0,1,0,1,"Reflect Sunday : Is fear your friend or enemy? Leicester, United‚Ä¶",Sun Mar 15 08:09:26 +0000 2020,Fear
4803,0,0,0,0,1,0,1,Click &amp; Read: Blasphemous Rumours,Sun Mar 15 08:11:27 +0000 2020,Fear
4805,0,0,0,0,1,0,1,Brand for : ! now and turn the to !‚Ä¶,Sun Mar 15 08:11:33 +0000 2020,Fear
4824,0,0,0,0,1,0,1,‚ÄúYou Are Much More Capable Than You Think‚Äù by Chad Rayborn,Sun Mar 15 08:13:19 +0000 2020,Fear
4825,0,0,0,0,1,0,1,Say yes to say no to ü§ù Say no to Say yes to .,Sun Mar 15 08:13:23 +0000 2020,Fear
4841,0,0,0,0,1,0,1,buying has become a common enemy with asking shoppers to be reasonable while introducing‚Ä¶,Sun Mar 15 08:14:28 +0000 2020,Fear
4861,0,0,0,0,1,0,1,Smily Slayers / On A,Sun Mar 15 08:15:38 +0000 2020,Fear
4867,0,0,0,0,1,0,1,: buying has become a common enemy with asking shoppers to be reasonable while introducing ‚Ä¶,Sun Mar 15 08:16:23 +0000 2020,Fear
4871,0,0,0,0,1,0,1,"Dinner is served. Pass the ""P's"" please: or . Each served with a side-di‚Ä¶",Sun Mar 15 08:16:30 +0000 2020,Fear
4874,0,0,0,0,1,0,1,"Know one knows whether death, which people fear to be the greatest evil,... ‚Ä¶",Sun Mar 15 08:16:38 +0000 2020,Fear
4890,0,0,0,0,1,0,1,Have you thought about getting help?,Sun Mar 15 08:18:32 +0000 2020,Fear
4894,0,0,0,0,1,0,1,": ‚Äúbefore BELIEVING the MEDIA, know THAT the‚Ä¶",Sun Mar 15 08:18:52 +0000 2020,Fear
4916,0,0,0,0,1,0,1,"New Podcast! ""Motivational - Unbroken"" on ‚Ä¶",Sun Mar 15 08:20:24 +0000 2020,Fear
4920,0,0,0,0,1,0,1,Rob is right - we are on a war footing &amp; it seems Piers is doing the work of our enemy,Sun Mar 15 08:20:36 +0000 2020,Fear
4922,0,0,0,0,1,0,1,: Honestly I feel every time I walk into the room of my patients being ruled out for . Less fear of getting infecte‚Ä¶,Sun Mar 15 08:21:01 +0000 2020,Fear
4930,0,0,0,0,1,0,1,: Honestly I feel every time I walk into the room of my patients being ruled out for . Less fear of getting infecte‚Ä¶,Sun Mar 15 08:21:20 +0000 2020,Fear
4933,0,0,0,0,1,0,1,: ü§îü§î I think we're getting a bit carried away http‚Ä¶,Sun Mar 15 08:21:30 +0000 2020,Fear
4952,0,0,0,0,1,0,1,": ‚Äúbefore BELIEVING the MEDIA, know THAT the‚Ä¶",Sun Mar 15 08:22:31 +0000 2020,Fear
4964,0,0,0,0,1,0,1,Amazing guys... Well done,Sun Mar 15 08:23:43 +0000 2020,Fear
4974,0,0,0,0,1,0,1,"Treatment: , Medication, and Lifestyle Changes That Can Treat Depression",Sun Mar 15 08:25:15 +0000 2020,Fear
4998,0,0,0,0,2,0,2,: Now it all makes perfect sense! Haha. ‚Ä¶,Sun Mar 15 08:27:17 +0000 2020,Fear
5000,0,0,0,0,1,0,1,: You can choose what means... !!!,Sun Mar 15 08:27:20 +0000 2020,Fear
5043,0,0,0,0,1,0,1,Well ya see what it‚Äôs like when we a day over Xmas imagine weeks buy! My grandparents we‚Ä¶,Sun Mar 15 08:30:57 +0000 2020,Fear
5076,0,0,0,0,1,0,1,: Do not be afraid or discouraged. For the Lord your God is with you wherever you go. Joshua :9b ‚Ä¶,Sun Mar 15 08:34:31 +0000 2020,Fear
5090,0,0,0,0,1,0,1,The scariest part is being imbecile or ignorant! ‚Ä¶,Sun Mar 15 08:35:17 +0000 2020,Fear
5104,0,0,0,0,1,0,1,You ever wish for something that will never happen regardless of how hard you try.,Sun Mar 15 08:36:04 +0000 2020,Fear
5113,0,0,0,0,1,0,1,"The wants to fail, ergo push . Pretty easy to figure out. Look up ‚Ä¶",Sun Mar 15 08:36:37 +0000 2020,Fear
5169,0,0,0,0,1,0,1,"No matter what we face, we don't have to in . In uncertain times, we can seek our unchanging .",Sun Mar 15 08:41:34 +0000 2020,Fear
5188,0,0,0,0,1,0,1,Love dreams that wake me up in a panic attack.,Sun Mar 15 08:42:43 +0000 2020,Fear
5207,0,0,0,0,1,0,1,Say yes to say no to ü§ù Say no to Say yes to . ‚Ä¶,Sun Mar 15 08:43:55 +0000 2020,Fear
5212,0,0,0,0,1,0,1,totally out of proportion. Shut the economy and people will end up on the street - and people o‚Ä¶,Sun Mar 15 08:44:09 +0000 2020,Fear
5246,0,0,0,0,1,0,1,I am fine!!! Thanks ü§£ü§£ü§£ü§£ üáÆüá™üáÆüá™üáÆüá™ ‚Ä¶,Sun Mar 15 08:46:43 +0000 2020,Fear
5248,0,0,0,0,1,0,1,"Stay grounded- do not disconnect the mind from the body, into fear. Allow all your parts to return in this still moment ·öæ",Sun Mar 15 08:46:50 +0000 2020,Fear
5263,0,0,0,0,1,0,1,‚ÄòExtreme Fear‚Äô Grips Markets Despite Oversold Bitcoin Price Metrics,Sun Mar 15 08:47:57 +0000 2020,Fear
5270,0,0,0,0,1,0,1,Lonely And Single? These Practical Steps Will Change Your Life,Sun Mar 15 08:48:12 +0000 2020,Fear
5278,0,0,0,0,1,0,1,welcome to the world of someone with ‚Ä¶,Sun Mar 15 08:48:41 +0000 2020,Fear
5324,0,0,0,0,1,0,1,ur start smart go for ..lets play against ..,Sun Mar 15 08:51:52 +0000 2020,Fear
5332,0,0,0,0,1,0,1,' plea to shoppers - -,Sun Mar 15 08:52:42 +0000 2020,Fear
5346,0,0,0,0,1,0,1,Step away from what you can't control. creates and,Sun Mar 15 08:54:00 +0000 2020,Fear
5355,0,0,0,0,1,0,1,? ? ? issues? ?? : person-centered counseling,Sun Mar 15 08:54:48 +0000 2020,Fear
5367,0,0,0,0,1,0,1,"So , . Within everything is going to be back to normal. But, is not built‚Ä¶",Sun Mar 15 08:55:55 +0000 2020,Fear
5376,0,0,0,0,1,0,1,"and Should the stock market continue to crash, we could see confidence drop in the lead‚Ä¶",Sun Mar 15 08:56:11 +0000 2020,Fear
5380,0,0,0,0,1,0,1,"""The problem in is learning to overcome "" The ideal book to read in time of ! ü¶†",Sun Mar 15 08:56:29 +0000 2020,Fear
5382,0,0,0,0,1,0,1,Step away from what you can't control. creates and,Sun Mar 15 08:56:31 +0000 2020,Fear
5393,0,0,0,0,1,0,1,: FEAR has two meanings; Forget Everything And Run or Face Everything And Rise ‚Ä¶,Sun Mar 15 08:57:27 +0000 2020,Fear
5417,0,0,0,0,1,0,1,Crypto Sentiment of Today Status: Extreme Fear Value: /100,Sun Mar 15 09:00:03 +0000 2020,Fear
5430,0,0,0,0,2,0,2,Note that is a ‚Ä¶,Sun Mar 15 09:00:30 +0000 2020,Fear
5433,0,0,0,0,1,0,1,"Visit my for some exciting , ‚Ä¶",Sun Mar 15 09:00:37 +0000 2020,Fear
5435,0,0,0,0,1,0,1,Eeriencing low mood or ? Don't be afraid to seek help...,Sun Mar 15 09:00:41 +0000 2020,Fear
5453,0,0,0,0,2,0,2,: Note that is a for ‚Ä¶,Sun Mar 15 09:02:16 +0000 2020,Fear
5475,0,0,0,0,1,0,1,": When you change your thought patterns, you change your brain and life. ‚Ä¶",Sun Mar 15 09:04:40 +0000 2020,Fear
5493,0,0,0,0,1,0,1,people's flu symptoms become coronavirus systems right when they read the headlines,Sun Mar 15 09:05:42 +0000 2020,Fear
5496,0,0,0,0,1,0,1,"Amidst the worldwide chaos, away from constant media updates, far from buyers. Sanctuary on our ,‚Ä¶",Sun Mar 15 09:06:03 +0000 2020,Fear
5503,0,0,0,0,1,0,1,Future? Children of Men Long Take via,Sun Mar 15 09:06:38 +0000 2020,Fear
5511,0,0,0,0,1,0,1,"Powerful Steps to Clear , and",Sun Mar 15 09:07:01 +0000 2020,Fear
5557,0,0,0,0,1,0,1,: Eeriencing low mood or ? Don't be afraid to seek help...,Sun Mar 15 09:10:17 +0000 2020,Fear
5568,0,0,0,0,1,0,1,This is how I'm trying to spin negativity that we are currently engulfed with ‚Ä¶,Sun Mar 15 09:11:07 +0000 2020,Fear
5597,0,0,0,0,1,0,1,: Final Kill! -Army htt‚Ä¶,Sun Mar 15 09:13:19 +0000 2020,Fear
5619,0,0,0,0,1,0,1,The Dark Knight | Read More : ‚Ä¶,Sun Mar 15 09:14:38 +0000 2020,Fear
5671,0,0,0,0,1,0,1,: Have eerienced this full on this week from -reg trainees there is a huge element of &amp;‚Ä¶,Sun Mar 15 09:17:43 +0000 2020,Fear
5674,0,0,0,0,1,0,1,Did something happen to make you start feeling this way?,Sun Mar 15 09:17:45 +0000 2020,Fear
5675,0,0,0,0,1,0,1,It would help alleviate during the if the did a live daily update‚Ä¶,Sun Mar 15 09:17:50 +0000 2020,Fear
5719,0,0,0,0,1,0,1,"Think steps in advance. Yeah, that's my default thinking.",Sun Mar 15 09:21:35 +0000 2020,Fear
5748,0,0,0,0,1,0,1,U gotta Give it to he will take care of it,Sun Mar 15 09:22:52 +0000 2020,Fear
5838,0,0,0,0,1,0,1,"Be safe, do not",Sun Mar 15 09:28:13 +0000 2020,Fear
5902,0,0,0,0,1,0,1,: This pic sums it all ü§¶‚ÄçÔ∏èü§¶‚ÄçÔ∏èü§¶‚ÄçÔ∏èü§£,Sun Mar 15 09:31:14 +0000 2020,Fear
5918,0,0,0,0,1,0,1,Some people take more serious than others. is creating . Just look at thi‚Ä¶,Sun Mar 15 09:32:20 +0000 2020,Fear
5927,0,0,0,0,1,0,1,"Maybe someday I'll find my happiness, but not today.",Sun Mar 15 09:32:44 +0000 2020,Fear
5963,0,0,0,0,1,0,1,&amp;Me ‚ÄôRellaDville,Sun Mar 15 09:34:32 +0000 2020,Fear
5972,0,0,0,0,1,0,1,looking for for ‚Ä¶,Sun Mar 15 09:35:03 +0000 2020,Fear
5992,0,0,0,0,1,0,1,Must read,Sun Mar 15 09:36:07 +0000 2020,Fear
6037,0,0,0,0,1,0,1,No sukoon Sabke dil mein ghabrahat si hai Is it only me or everyone is feeling the same?,Sun Mar 15 09:38:06 +0000 2020,Fear
6048,0,0,0,0,1,0,1,"That¬¥s right! : is not real, it¬¥s a decision. But is real. Solve the problem.",Sun Mar 15 09:38:52 +0000 2020,Fear
6062,0,0,0,0,1,0,1,the same who sell the sell the . ‚Ä¶,Sun Mar 15 09:39:39 +0000 2020,Fear
6069,0,0,0,0,1,0,1,Skype Therapy using mindfulness for overcoming and and without depending on drugs.‚Ä¶,Sun Mar 15 09:40:00 +0000 2020,Fear
6108,0,0,0,0,1,0,1,"Be safe, do not ‚Ä¶",Sun Mar 15 09:42:34 +0000 2020,Fear
6112,0,0,0,0,1,0,1,"In these times of , and it is vital that we listen to and provide them with sup‚Ä¶",Sun Mar 15 09:43:05 +0000 2020,Fear
6119,0,0,0,0,1,0,1,"Coronavirus update: new fund, calls for 'prudence, '",Sun Mar 15 09:43:33 +0000 2020,Fear
6136,0,0,0,0,1,0,1,"Be safe, do not",Sun Mar 15 09:44:17 +0000 2020,Fear
6138,0,0,0,0,1,0,1,I'm just staying inside my house!,Sun Mar 15 09:44:34 +0000 2020,Fear
6145,0,0,0,0,1,0,1,Understanding the Fear of Corona by Joseph Brown,Sun Mar 15 09:45:00 +0000 2020,Fear
6147,0,0,0,0,1,0,1,Online Therapy for . Contact me to schedule a therapy session via Skype. See:‚Ä¶,Sun Mar 15 09:45:01 +0000 2020,Fear
6193,0,0,0,0,1,0,1,"History, outbreaks, and economic disruptions",Sun Mar 15 09:47:32 +0000 2020,Fear
6215,0,0,0,0,1,0,1,"To traders and Investors: ""This is not a BUY the DIP""",Sun Mar 15 09:49:12 +0000 2020,Fear
6264,0,0,0,0,1,0,1,"Be safe, do not",Sun Mar 15 09:51:41 +0000 2020,Fear
6268,0,0,0,0,1,0,1,"""Strange Creature""",Sun Mar 15 09:51:58 +0000 2020,Fear
6274,0,0,0,0,1,0,1,"Be safe, do not",Sun Mar 15 09:52:23 +0000 2020,Fear
6293,0,0,0,0,1,0,1,It's all about priorities isn't it ?,Sun Mar 15 09:53:35 +0000 2020,Fear
6322,0,0,0,0,1,0,1,begins..,Sun Mar 15 09:55:40 +0000 2020,Fear
6346,0,0,0,0,1,0,1,Walk in and not . Stand on the Word of God!,Sun Mar 15 09:57:43 +0000 2020,Fear
6348,0,0,0,0,1,0,1,: we dont want humara future spoil ho .. ‚Ä¶,Sun Mar 15 09:57:45 +0000 2020,Fear
6379,0,0,0,0,1,0,1,: Latest blog hot off the press. We should talk about in the same way we that talk about any other physical‚Ä¶,Sun Mar 15 09:59:27 +0000 2020,Fear
6408,0,0,0,0,1,0,1,: ü§îü§î I think we're getting a bit carried away http‚Ä¶,Sun Mar 15 10:00:39 +0000 2020,Fear
6440,0,0,0,0,1,0,1,When April Showers Of Lead To New Life And New Projects,Sun Mar 15 10:02:25 +0000 2020,Fear
6459,0,0,0,0,1,0,1,"I'm undecided but more comfortable in the . For many reasons, there is a case to say the is now‚Ä¶",Sun Mar 15 10:04:50 +0000 2020,Fear
6482,0,0,0,0,1,0,1,"Let's get a good porn, a crate of beer, and call my girlfriend?",Sun Mar 15 10:06:17 +0000 2020,Fear
6497,0,0,0,0,1,0,1,A very to everyon‚Ä¶,Sun Mar 15 10:07:31 +0000 2020,Fear
6549,0,0,0,0,2,0,2,"The media caused this.. So how can you say its nuts? Or do mean ""nuts"" as in.... look what we caused?? and",Sun Mar 15 10:11:37 +0000 2020,Fear
6559,0,0,0,0,1,0,1,Loneliness remembers what happiness forgets () ‚Ä¶,Sun Mar 15 10:12:30 +0000 2020,Fear
6629,0,0,0,0,1,0,1,There are other,Sun Mar 15 10:16:30 +0000 2020,Fear
6657,0,0,0,0,1,0,1,: ' plea to shoppers - -,Sun Mar 15 10:18:09 +0000 2020,Fear
6703,0,0,0,0,1,0,1,: CRUNCH NO CRUNCH h‚Ä¶,Sun Mar 15 10:21:44 +0000 2020,Fear
6729,0,0,0,0,1,0,1,is an illness that ppl can't see. They don't know that you are unwell.,Sun Mar 15 10:22:52 +0000 2020,Fear
6732,0,0,0,0,1,0,1,", and accounted for more than % of total working days lost due to ill health in the U‚Ä¶",Sun Mar 15 10:23:07 +0000 2020,Fear
6744,0,0,0,0,1,0,1,: ü§îü§î I think we're getting a bit carried away http‚Ä¶,Sun Mar 15 10:24:07 +0000 2020,Fear
6769,0,0,0,0,1,0,1,You are bullying someone that suffers from and applauding a man who jerks off infrint‚Ä¶,Sun Mar 15 10:25:44 +0000 2020,Fear
6794,0,0,0,0,1,0,1,Easiest way to Don‚Äòt be calm... ‚Ä¶,Sun Mar 15 10:27:15 +0000 2020,Fear
6822,0,0,0,0,1,0,1,LETS TALK BEFORE YOU LEAVE. ‚Ä¶,Sun Mar 15 10:28:52 +0000 2020,Fear
6830,0,0,0,0,1,0,1,": to , to SAARC Secretariat, nations welcome PM Narendra Modi's initiative to fight Covid-19 h‚Ä¶",Sun Mar 15 10:29:13 +0000 2020,Fear
6837,0,0,0,0,1,0,1,Another poem . Amazed that I am stuff that is worth acceptance. This one is about .‚Ä¶,Sun Mar 15 10:30:06 +0000 2020,Fear
6863,0,0,0,0,1,0,1,that's really nice to see you aren't involvement in isn't‚Ä¶,Sun Mar 15 10:31:29 +0000 2020,Fear
6880,0,0,0,0,1,0,1,"Restock Despite the was spreading on on Thurs/Fri and the great toilet paper race, stores restocked the next‚Ä¶",Sun Mar 15 10:32:31 +0000 2020,Fear
6913,0,0,0,0,1,0,1,: YES THEY ARE BECAUSE PEOPLE LIKE YOU! YOU HAVE TWEETED ALL WEEK SCARING PEOPLE WITHOUT USING THE WORD ! You sir‚Ä¶,Sun Mar 15 10:34:23 +0000 2020,Fear
6940,0,0,0,0,1,0,1,: A very to everyone. Milo‚Ä¶,Sun Mar 15 10:35:54 +0000 2020,Fear
6960,0,0,0,0,1,0,1,"Labor with Hope: Gospel Meditations on Pregnancy, Childbirth, and Mother‚Ä¶",Sun Mar 15 10:37:06 +0000 2020,Fear
6968,0,0,0,0,1,0,1,There is a fear that the corona virus will goes before my finals......,Sun Mar 15 10:37:46 +0000 2020,Fear
6969,0,0,0,0,1,0,1,Arteta wife has said all he needed was some pain killers as symptoms weren't that bad,Sun Mar 15 10:37:49 +0000 2020,Fear
6973,0,0,0,0,1,0,1,: Dreaded Tales : A Short Story Collection. ‚Ä¶,Sun Mar 15 10:38:08 +0000 2020,Fear
7029,0,0,0,0,1,0,1,: Another poem . Amazed that I am stuff that is worth acceptance. This one is about . Havin‚Ä¶,Sun Mar 15 10:41:37 +0000 2020,Fear
7045,0,0,0,0,1,0,1,": Coronavirus update: new fund, calls for 'prudence, '",Sun Mar 15 10:42:34 +0000 2020,Fear
7056,0,0,0,0,1,0,1,"rang my yr old mum, ‚Äú i‚Äôm going shopping, shall i get you anything?‚Äù Mum. ‚Äú oh yes, get me‚Ä¶",Sun Mar 15 10:43:25 +0000 2020,Fear
7063,0,0,0,0,1,0,1,How to get over fear of talking to people in network marketing Check out the video here:,Sun Mar 15 10:44:15 +0000 2020,Fear
7068,0,0,0,0,1,0,1,Where are the Marillion fans?? How do you guys like FEAR?? ü•Å ‚Ä¶,Sun Mar 15 10:44:34 +0000 2020,Fear
7070,0,0,0,0,1,0,1,"I find people often know the right thing to do, it‚Äôs simply which stops them",Sun Mar 15 10:44:40 +0000 2020,Fear
7079,0,0,0,0,1,0,1,How to Deal with Workplace Stress? Eloring Welfare at Work ‚Ä¶,Sun Mar 15 10:45:06 +0000 2020,Fear
7088,0,0,0,0,1,0,1,"I‚Äôm taking a break from social media Nadia, in light of the and the self righteous pontific‚Ä¶",Sun Mar 15 10:46:01 +0000 2020,Fear
7105,0,0,0,0,1,1,1,Don't be to be . to be the same as .,Sun Mar 15 10:46:53 +0000 2020,Fear
7110,0,0,0,0,1,0,1,: Where are the Marillion fans?? How do you guys like FEAR?? ü•Å h‚Ä¶,Sun Mar 15 10:47:23 +0000 2020,Fear
7125,0,0,0,0,1,0,1,: A very to everyone. Milo‚Ä¶,Sun Mar 15 10:48:05 +0000 2020,Fear
7128,0,0,0,0,1,0,1,This weeks podcast.. We are eloring fear and how we can choose differently. ‚Ä¶,Sun Mar 15 10:48:22 +0000 2020,Fear
7152,0,0,0,0,1,0,1,Online Psychotherapy via Skype to Overcome and without medication,Sun Mar 15 10:50:00 +0000 2020,Fear
7171,0,0,0,0,1,0,1,: Where are the Marillion fans?? How do you guys like FEAR?? ü•Å h‚Ä¶,Sun Mar 15 10:51:03 +0000 2020,Fear
7211,0,0,0,0,1,0,1,: commander prosecuted in Austria for,Sun Mar 15 10:53:26 +0000 2020,Fear
7240,0,0,0,0,1,0,1,: Went to my local B&amp;N yesterday. FIX ME is still there! lol Love u‚Ä¶,Sun Mar 15 10:55:31 +0000 2020,Fear
7256,0,0,0,0,1,0,1,": No matter what we face, we don't have to in . In uncertain times, we can seek our unchanging . ‚Ä¶",Sun Mar 15 10:55:57 +0000 2020,Fear
7267,0,0,0,0,1,0,1,The secret science that rules crowds,Sun Mar 15 10:56:38 +0000 2020,Fear
7279,0,0,0,0,1,0,1,Now it's all starting to make sense. is bad but the is being misused...,Sun Mar 15 10:57:34 +0000 2020,Fear
7280,0,0,0,0,1,0,1,": ...This is NOT prostate cancer. There is no ""Wait and See"" option for treatment of . Reach out for the help y‚Ä¶",Sun Mar 15 10:57:39 +0000 2020,Fear
7285,0,0,0,0,1,0,1,"How I stay psychologically healthy these days and avoid : . Careful eure to news, i.e. weekly summ‚Ä¶",Sun Mar 15 10:58:04 +0000 2020,Fear
7295,0,0,0,0,1,0,1,"Glassner: It's , not coronavirus, that's roiling world markets and upending da - Mar :56 AM ET",Sun Mar 15 10:58:49 +0000 2020,Fear
7301,0,0,0,0,1,0,1,This is just amazing!!,Sun Mar 15 10:59:02 +0000 2020,Fear
7343,0,0,0,0,1,0,1,: Dreaded Tales : A Short Story Collection. ‚Ä¶,Sun Mar 15 11:01:12 +0000 2020,Fear
7365,0,0,0,0,1,0,1,: A very to everyone. Milo‚Ä¶,Sun Mar 15 11:01:48 +0000 2020,Fear
7381,0,0,0,0,1,0,1,Other diseases are available,Sun Mar 15 11:02:53 +0000 2020,Fear
7415,0,0,0,0,1,0,1,: A very to everyone. Milo‚Ä¶,Sun Mar 15 11:04:52 +0000 2020,Fear
7423,0,0,0,0,1,0,1,: &amp; How Not to Panic.What's behind the anxiety &amp; tips to handle it‚Ä¶,Sun Mar 15 11:05:20 +0000 2020,Fear
7433,0,0,0,0,1,0,1,There is not a truth existing which I fear... or would wish unknown to t... ‚Ä¶,Sun Mar 15 11:06:42 +0000 2020,Fear
7436,0,0,0,0,1,0,1,How does a few thousand people control a few billion people !!,Sun Mar 15 11:06:47 +0000 2020,Fear
7444,0,0,0,0,1,0,1,Scenes in Clowne this morning,Sun Mar 15 11:07:11 +0000 2020,Fear
7446,0,0,0,0,1,0,1,: This show that there is no need to be against . Proper and can cure anyt‚Ä¶,Sun Mar 15 11:07:17 +0000 2020,Fear
7454,0,0,0,0,1,0,1,Struggling to get proper nutrition with all these buyers? Why not have concentrated &amp;‚Ä¶,Sun Mar 15 11:08:14 +0000 2020,Fear
7455,0,0,0,0,1,0,1,: Amazing guys... Well done,Sun Mar 15 11:08:22 +0000 2020,Fear
7463,0,0,0,0,1,0,1,: .... No reason to,Sun Mar 15 11:09:00 +0000 2020,Fear