,Excitement,Happy,Pleasant,Surprise,Fear,Angry,max_value,clean_text,created_at,tweet_id,label
8,0,0,0,1,0,0,1,"When faced with frustration at work, do you lose focus? These tips can help:",Sun Mar 15 02:45:00 +0000 2020,1.23901973853101E+18,Surprise
12,0,0,0,1,0,0,1,: follow me after you retweet so I can reward you with sexy nudes!!,Sun Mar 15 02:45:04 +0000 2020,1.2390197565582E+18,Surprise
78,0,0,0,1,0,0,1,Sleepin | No fucking problems - (lofi hip hop ) ‚Ä¶,Sun Mar 15 02:49:08 +0000 2020,1.23902119818663E+18,Surprise
106,0,0,0,1,0,0,1,Biden could not manage a one car funeral,Sun Mar 15 02:50:48 +0000 2020,1.239022269848E+18,Surprise
181,0,0,0,1,0,0,1,: Priceless feeling when your family celebrates your existence .,Sun Mar 15 02:55:03 +0000 2020,1.23902311624601E+18,Surprise
248,0,0,0,1,0,0,1,: i didn‚Äôt get a tattoo today,Sun Mar 15 02:58:25 +0000 2020,1.23902344283114E+18,Surprise
274,0,0,0,1,0,0,1,my kuew tiau goreng today is a major failed ü•∫,Sun Mar 15 02:59:43 +0000 2020,1.2390237693661E+18,Surprise
304,0,0,0,1,0,0,1,: OK Goodnight feeling Sad ü•∫ Thnks to Everyone‚Ä¶,Sun Mar 15 03:01:01 +0000 2020,1.23902398709253E+18,Surprise
321,0,0,0,1,0,0,1,MOOD!,Sun Mar 15 03:01:53 +0000 2020,1.23902424427876E+18,Surprise
340,0,0,0,1,0,0,1,PLEASE air British comedies more often. You'll beg waayyyy too much. Last year promises of new episodes looks to been in vain.,Sun Mar 15 03:02:54 +0000 2020,1.23902436653863E+18,Surprise
352,0,0,0,1,0,0,1,": ‚ÄúWhatever happens, happens‚Äù",Sun Mar 15 03:03:23 +0000 2020,1.2390246953426E+18,Surprise
374,0,0,0,1,0,0,1,ARE WE GREAT YET?,Sun Mar 15 03:04:41 +0000 2020,1.23902504052549E+18,Surprise
399,0,0,0,1,0,0,1,: Imagine being a Trump comms guy and giving Biden this much amazing free publicity while showing you‚Äôre full of shit.,Sun Mar 15 03:06:04 +0000 2020,1.23902521971883E+18,Surprise
411,0,0,0,1,0,0,1,Honeymoon avenue Wanna go back,Sun Mar 15 03:06:47 +0000 2020,1.23902618983201E+18,Surprise
469,0,0,0,1,0,0,1,progress so far... .,Sun Mar 15 03:10:38 +0000 2020,1.2390266740097E+18,Surprise
505,0,0,0,1,0,0,1,How hard is it to cover your mouth when you are coughing?,Sun Mar 15 03:12:33 +0000 2020,1.23902713386076E+18,Surprise
535,0,0,0,1,0,0,1,"Do you like my photos? Like retweets, please",Sun Mar 15 03:14:23 +0000 2020,1.23902809555154E+18,Surprise
594,0,0,0,1,0,0,1,You‚Äôre barely and look this damn old and are this damn dumb???,Sun Mar 15 03:18:12 +0000 2020,1.23902854262264E+18,Surprise
630,0,0,0,1,0,0,1,: Sleepin | No fucking problems - (lofi hip hop ) ‚Ä¶,Sun Mar 15 03:19:59 +0000 2020,1.23902855524327E+18,Surprise
634,0,0,0,1,0,0,1,: Sleepin | No fucking problems - (lofi hip hop ) ‚Ä¶,Sun Mar 15 03:20:02 +0000 2020,1.23902934580231E+18,Surprise
696,0,0,0,2,0,0,2,I‚Äôm so depressed right now. I‚Äôm overwhelmingly sad and it‚Äôs a lot to handle right now.,Sun Mar 15 03:23:10 +0000 2020,1.23902989005108E+18,Surprise
733,0,0,0,1,0,0,1,seriously tho im about to give this puta the eviction notice because my asthma is not vibing they do not get along,Sun Mar 15 03:25:20 +0000 2020,1.23903029221357E+18,Surprise
755,0,0,0,1,0,0,1,Guns. The answer for small minds with small vocabularies and small futures.,Sun Mar 15 03:26:56 +0000 2020,1.2390305179385E+18,Surprise
765,0,0,0,1,0,0,1,I witnessed people today in large groups acting oblivious to this fact,Sun Mar 15 03:27:50 +0000 2020,1.23903058754279E+18,Surprise
774,0,0,0,1,0,0,1,My bf went home and now I‚Äôm BORED AF,Sun Mar 15 03:28:06 +0000 2020,1.23903060926107E+18,Surprise
776,0,0,0,1,0,0,1,You are such a shallow little guy.,Sun Mar 15 03:28:11 +0000 2020,1.23903061010396E+18,Surprise
777,0,0,0,1,0,0,1,But we‚Äôre Americans. We‚Äôre not smart like Italy,Sun Mar 15 03:28:12 +0000 2020,1.23903111609647E+18,Surprise
816,0,0,0,1,0,0,1,So for CNN!,Sun Mar 15 03:30:12 +0000 2020,1.23903130761678E+18,Surprise
827,0,0,0,1,0,0,1,That‚Äôs weeks of my senior year I‚Äôll never get back,Sun Mar 15 03:30:58 +0000 2020,1.23903160517333E+18,Surprise
848,0,0,0,1,0,0,1,: So for CNN!,Sun Mar 15 03:32:09 +0000 2020,1.23903166235851E+18,Surprise
852,0,0,0,1,0,0,1,So I guess we‚Äôre not gonna get in K on ?,Sun Mar 15 03:32:23 +0000 2020,1.23903187050508E+18,Surprise
868,0,0,0,1,0,0,1,: Sleepin | No fucking problems - (lofi hip hop ) ‚Ä¶,Sun Mar 15 03:33:12 +0000 2020,1.23903262211177E+18,Surprise
905,0,0,0,1,0,0,1,Time to save a tree again with my favorite Tree sprite,Sun Mar 15 03:36:11 +0000 2020,1.23903277946936E+18,Surprise
917,0,0,0,1,0,0,1,"Estoy de luto, Tinky Winky pls get better :‚Äô(",Sun Mar 15 03:36:49 +0000 2020,1.23903307983615E+18,Surprise
939,0,0,0,1,0,0,1,what‚Äôs up with this whole Corona virus thing? do we have to switch to Dos Equis now?,Sun Mar 15 03:38:01 +0000 2020,1.23903308754949E+18,Surprise
941,0,0,0,1,0,0,1,: And like that in the afternoon,Sun Mar 15 03:38:02 +0000 2020,1.23903416386643E+18,Surprise
1005,0,0,0,1,0,0,1,Neat really helps the progressive movement. Keep dunking.,Sun Mar 15 03:42:19 +0000 2020,1.23903433156308E+18,Surprise
1012,0,0,0,1,0,0,1,"Can anyone help , bitterness eats ones soul . .",Sun Mar 15 03:42:59 +0000 2020,1.23903500195555E+18,Surprise
1018,0,0,0,1,0,0,1,When you got chics hating on you just because you no longer want to be friends with them It‚Äôs called growth an‚Ä¶,Sun Mar 15 03:43:13 +0000 2020,1.23903529190352E+18,Surprise
1061,0,0,0,1,0,0,1,: That‚Äôs weeks of my senior year I‚Äôll never get back,Sun Mar 15 03:45:39 +0000 2020,1.23903568423469E+18,Surprise
1075,0,0,0,1,0,0,1,"I wish I could go back to parts of my childhood. It wasn‚Äôt all bad, I miss the parts that were happy.",Sun Mar 15 03:46:48 +0000 2020,1.23903624608682E+18,Surprise
1098,0,0,0,1,0,0,1,: So for CNN!,Sun Mar 15 03:48:21 +0000 2020,1.23903657318366E+18,Surprise
1140,0,0,0,1,0,0,1,//TW BLOOD// . ‚ÄúNot everything lasts forever‚Äù .,Sun Mar 15 03:50:35 +0000 2020,1.23903766155124E+18,Surprise
1169,0,0,0,1,0,0,1,: //TW BLOOD// . ‚ÄúNot everything lasts forever‚Äù .,Sun Mar 15 03:51:53 +0000 2020,1.23903887955608E+18,Surprise
1250,0,0,0,1,0,0,1,Here you come lady. !,Sun Mar 15 03:56:13 +0000 2020,1.23903923849191E+18,Surprise
1313,0,0,0,1,0,0,1,the is pathetic liar and spreader of hate. the will be remembered as the worst lead‚Ä¶,Sun Mar 15 04:00:19 +0000 2020,1.23903934667142E+18,Surprise
1346,0,0,0,1,0,0,1,currently upset that im not elon musks baby momma,Sun Mar 15 04:01:03 +0000 2020,1.23903999310605E+18,Surprise
1372,0,0,0,1,0,0,1,"AH &amp; the Left oblige me, as usual , the Left are just so F-N predictable nowadays. .",Sun Mar 15 04:02:29 +0000 2020,1.23904059426732E+18,Surprise
1381,0,0,0,1,0,0,1,"No sports, no till April rd!! I‚Äôll miss you . Enjoy the break",Sun Mar 15 04:02:55 +0000 2020,1.23904090178931E+18,Surprise
1431,0,0,0,1,0,0,1,Great read about the corporate fleecing of Americans.,Sun Mar 15 04:05:29 +0000 2020,1.23904169557831E+18,Surprise
1467,0,0,0,1,0,0,1,it‚Äôs - it‚Äôs big sad hours,Sun Mar 15 04:07:52 +0000 2020,1.239041711978E+18,Surprise
1484,0,0,0,1,0,0,1,I ran the White House pandemic office. closed it.,Sun Mar 15 04:09:05 +0000 2020,1.23904247590321E+18,Surprise
1525,0,0,0,1,0,0,1,It makes me so sad and that none of my family wants to help me even though I would pay them back. Please‚Ä¶,Sun Mar 15 04:11:52 +0000 2020,1.23904258736261E+18,Surprise
1531,0,0,0,1,0,0,1,It‚Äôs painfully obvious you‚Äôve never been to Canada.....nor even met a Canadian.,Sun Mar 15 04:12:15 +0000 2020,1.23904265540282E+18,Surprise
1532,0,0,0,1,0,0,1,i wish someone i knew could drive like why do i have friends that can fucking pick me up it‚Äôs,Sun Mar 15 04:12:19 +0000 2020,1.2390432603389E+18,Surprise
1576,0,0,0,1,0,0,1,You‚Äôre a horrible person.,Sun Mar 15 04:15:21 +0000 2020,1.23904330735279E+18,Surprise
1584,0,0,0,1,0,0,1,"Aw, is that the best you can do?",Sun Mar 15 04:15:47 +0000 2020,1.23904395338874E+18,Surprise
1589,0,0,0,1,0,0,1,"Fuck all the good looking peng people out there, I‚Äôm already insecure as it is and just feel like I‚Äôm never enoughü•∫",Sun Mar 15 04:16:04 +0000 2020,1.23904425989589E+18,Surprise
1630,0,0,0,1,0,0,1,"Caress my body with your lips gliding, kiss me boldly - I'm only yours",Sun Mar 15 04:18:28 +0000 2020,1.23904433661406E+18,Surprise
1632,0,0,0,1,0,0,1,I love to caress my pussy in the morning,Sun Mar 15 04:18:39 +0000 2020,1.23904819206028E+18,Surprise
1635,0,0,0,2,0,0,2,I give up guess .. I'll never get better makes me so and I dont know where else to turn. Knowing I'‚Ä¶,Sun Mar 15 04:18:50 +0000 2020,1.23904836432453E+18,Surprise
1674,0,0,0,1,0,0,1,that I‚Äôm back in the US and my twitter news is in English again. I really enjoyed not understanding what was going on.,Sun Mar 15 04:21:13 +0000 2020,1.23904862044949E+18,Surprise
1704,0,0,0,1,0,0,1,: So very . frequently mistake small pieces of waste for food. As their stomachs fill with plastic that is‚Ä¶,Sun Mar 15 04:22:26 +0000 2020,1.23904918232704E+18,Surprise
1709,0,0,0,1,0,0,1,I SURPRISED MY BEST FRIEND WITH HIS DREAM CAR Ô∏èÔ∏èÔ∏è,Sun Mar 15 04:22:44 +0000 2020,1.23904956181499E+18,Surprise
1852,0,0,0,1,0,0,1,'s Kings Crossing Bu‚Ä¶,Sun Mar 15 04:32:01 +0000 2020,1.23905023521479E+18,Surprise
1874,0,0,0,1,0,0,1,come see more of these two on .com ‚Ä¶,Sun Mar 15 04:33:12 +0000 2020,1.23905055227895E+18,Surprise
1956,0,0,0,1,0,0,1,Your dick would look better between my ass chicks !,Sun Mar 15 04:38:04 +0000 2020,1.23905155858883E+18,Surprise
1968,0,0,0,2,1,0,2,: -ùô≥ùöòùöó'ùöù ùöêùöíùöüùöé ùöûùöô . . . . . . . -ùô≤ùöõùöéùöçùöíùöùùöú ùöèùöòùöõ: x.sad.mts |ùôæùöó ùô∏ùöê. . . . . ht‚Ä¶,Sun Mar 15 04:38:45 +0000 2020,1.23905205893172E+18,Surprise
1988,0,0,0,1,0,0,1,: Your ideas deserve better 'space'. ‚Ä¶,Sun Mar 15 04:39:46 +0000 2020,1.23905277512589E+18,Surprise
2023,0,0,0,1,0,0,1,"I miss sports, please come back",Sun Mar 15 04:42:00 +0000 2020,1.2390533289795E+18,Surprise
2051,0,0,0,1,0,0,1,: So very . frequently mistake small pieces of waste for food. As their stomachs fill with plastic that is‚Ä¶,Sun Mar 15 04:43:30 +0000 2020,1.23905461944521E+18,Surprise
2109,0,0,0,1,0,0,1,They couldn't even personally sign the card for one of their most loyal sychophants?,Sun Mar 15 04:46:11 +0000 2020,1.2390555733642E+18,Surprise
2127,0,0,0,1,0,0,1,Back home from ceo,Sun Mar 15 04:47:26 +0000 2020,1.23905583758441E+18,Surprise
2162,0,0,0,1,0,0,1,Distressed Denim Mini Dress ‚Ä¶,Sun Mar 15 04:49:28 +0000 2020,1.23905595129607E+18,Surprise
2192,0,0,0,2,0,0,2,I wish I had someone to talk to. I don‚Äôt want to be alone with my thoughts right now.,Sun Mar 15 04:51:26 +0000 2020,1.23905638648439E+18,Surprise
2227,0,0,0,1,0,0,1,! is on Plus right now: Update: Disney has now released Frozen ‚Ä¶,Sun Mar 15 04:53:25 +0000 2020,1.23905643739913E+18,Surprise
2266,0,0,0,1,0,0,1,"wow, you are ugly.. inside and out..",Sun Mar 15 04:56:16 +0000 2020,1.23905675186716E+18,Surprise
2297,0,0,0,1,0,0,1,my quarantine snacks will last me more time than i need them to. i already only eat one meal a day.,Sun Mar 15 04:58:28 +0000 2020,1.23905703000383E+18,Surprise
2379,0,0,0,1,0,0,1,An elected official spitting in the face of public health.,Sun Mar 15 05:03:36 +0000 2020,1.23905874822167E+18,Surprise
2457,0,0,0,1,0,0,1,arden never called ): feeling,Sun Mar 15 05:07:23 +0000 2020,1.23906023306381E+18,Surprise
2474,0,0,0,1,0,0,1,"I need a Twitter therapy, I need advice, I need help right now, ( we are both Armys)",Sun Mar 15 05:08:26 +0000 2020,1.23906180385601E+18,Surprise
2477,0,0,0,1,0,0,1,"If a guy ends up quickly, I'm bored with him",Sun Mar 15 05:08:53 +0000 2020,1.23906219550311E+18,Surprise
2509,0,0,0,1,0,0,1,"I just wanted to be beautiful for , I just dont know how to be beautiful",Sun Mar 15 05:10:37 +0000 2020,1.23906234414106E+18,Surprise
2515,0,0,0,1,0,0,1,‚Å¶‚Å© I won‚Äôt understand how you go from hugs to hate when your show is killing,Sun Mar 15 05:10:49 +0000 2020,1.23906304982832E+18,Surprise
2536,0,0,0,1,0,0,1,Damn. I knew I should've asked Santa for guns.,Sun Mar 15 05:12:04 +0000 2020,1.23906410836602E+18,Surprise
2555,0,0,0,1,0,0,1,": If you don't love me, please don't hurt my heart...",Sun Mar 15 05:13:11 +0000 2020,1.23906419872809E+18,Surprise
2662,0,0,0,1,1,0,1,‚ÄúWhy Do I Feel Depressed Every Once in a While for No Reason?‚Äù mindfulness,Sun Mar 15 05:20:00 +0000 2020,1.23906428046249E+18,Surprise
2675,0,0,0,1,0,0,1,Hades Town blockbuster Broadway show dark on a Saturday night in NYC like a ghost town. My town c‚Ä¶,Sun Mar 15 05:20:58 +0000 2020,1.23906442392026E+18,Surprise
2725,0,0,0,1,0,0,1,CHICAGO blockbuster Broadway show dark on a Saturday night in NYC like a ghost town. My town calm‚Ä¶,Sun Mar 15 05:23:49 +0000 2020,1.23906562217841E+18,Surprise
2752,0,0,0,1,0,0,1,: TITTY TUESDAY and i have no one to suck on mine ü•∫,Sun Mar 15 05:25:54 +0000 2020,1.23906672057848E+18,Surprise
2839,0,0,0,1,0,0,1,: „Äå „ÄçDance Practice,Sun Mar 15 05:32:09 +0000 2020,1.23906678756578E+18,Surprise
2856,0,0,0,1,0,0,1,"The good times of , are the thoughts of .- Bob Marley",Sun Mar 15 05:33:42 +0000 2020,1.23906679409612E+18,Surprise
2859,0,0,0,1,0,0,1,: hold on..ü•∫ Link of song in bio Anime: Beyond the Boundary ‚Ä¶,Sun Mar 15 05:34:18 +0000 2020,1.2390669419916E+18,Surprise
2887,0,0,0,1,0,0,1,My heart is broken,Sun Mar 15 05:37:06 +0000 2020,1.23906723823528E+18,Surprise
2941,0,0,0,1,0,0,1,Fell the sense of mine,Sun Mar 15 05:41:18 +0000 2020,1.23906778214851E+18,Surprise
2944,0,0,0,1,0,0,1,I saw,Sun Mar 15 05:41:40 +0000 2020,1.23906846209949E+18,Surprise
2950,0,0,0,1,0,0,1,: i didn‚Äôt get a tattoo today,Sun Mar 15 05:41:59 +0000 2020,1.23906849950029E+18,Surprise
2962,0,0,0,1,0,0,1,"I‚Äôve been communicating with the rabbit outside my accom, and he let me know he lost his wife to the virus",Sun Mar 15 05:42:34 +0000 2020,1.23906861613953E+18,Surprise
3023,0,0,0,1,0,0,1,No one with half a brain cell believes anything he says.,Sun Mar 15 05:47:19 +0000 2020,1.23906882304885E+18,Surprise
3076,0,0,0,1,0,0,1,There was suppose to be an f1 race today,Sun Mar 15 05:51:41 +0000 2020,1.23907073631841E+18,Surprise
3081,0,0,0,1,0,0,1,Congrats for everyone who beated the challenge..AGAIN,Sun Mar 15 05:51:57 +0000 2020,1.23907107113293E+18,Surprise
3082,0,0,0,1,0,0,1,Afghani children got better food and lifestyle after the destruction.,Sun Mar 15 05:51:59 +0000 2020,1.23907107669458E+18,Surprise
3084,0,0,0,1,0,0,1,BBC News - AC/DC guitarist Malcolm Young dies at ‚Ä¶,Sun Mar 15 05:52:16 +0000 2020,1.23907158001527E+18,Surprise
3087,0,0,0,1,0,0,1,Show me a Kar98 and ill show you a kill count homie,Sun Mar 15 05:52:34 +0000 2020,1.23907184297717E+18,Surprise
3101,0,0,0,1,0,0,1,true i‚Äôm desperate for coronadick it‚Äôs not even funny,Sun Mar 15 05:53:45 +0000 2020,1.23907213013173E+18,Surprise
3111,0,0,0,1,0,0,1,NEW JAUNT ON SC .....run it up ü§©ü§©,Sun Mar 15 05:55:54 +0000 2020,1.23907253967182E+18,Surprise
3132,0,0,0,1,1,0,1,: ‚ÄúWhy Do I Feel Depressed Every Once in a While for No Reason?‚Äù mindfuln‚Ä¶,Sun Mar 15 05:58:36 +0000 2020,1.23907291710888E+18,Surprise
3137,0,0,0,1,0,0,1,There‚Äôs no sports on and they still refuse to play UFC replays,Sun Mar 15 05:58:45 +0000 2020,1.2390731428589E+18,Surprise
3141,0,0,0,1,0,0,1,i‚Äôm fuckin,Sun Mar 15 05:59:13 +0000 2020,1.23907586515927E+18,Surprise
3155,0,0,0,1,0,0,1,Just came back from a photo shoot. Who wants to see?,Sun Mar 15 06:00:02 +0000 2020,1.23907635544429E+18,Surprise
3205,0,0,0,1,0,0,1,I am gonna miss my classes n my kids..classes off from tomorrow to st March They are the ones w‚Ä¶,Sun Mar 15 06:03:40 +0000 2020,1.23907698239189E+18,Surprise
3256,0,0,0,1,0,0,1,All these Astros haters and the Yankees still suck. Nothing can save the Yankees from sucking.,Sun Mar 15 06:07:39 +0000 2020,1.23907785718945E+18,Surprise
3272,0,0,0,1,0,0,1,U suck ass big time ...,Sun Mar 15 06:08:58 +0000 2020,1.23907865587316E+18,Surprise
3273,0,0,0,1,0,0,1,A list of Dark &amp; with Beings: |,Sun Mar 15 06:09:00 +0000 2020,1.23907868778758E+18,Surprise
3293,0,0,0,1,0,0,1,Dark &amp; from best to worst: |,Sun Mar 15 06:11:00 +0000 2020,1.2390791187061E+18,Surprise
3305,0,0,0,1,0,0,1,When lasting genetic-siblings &amp; temp social relationships-marriage jobs-CLASH modernity loses bliss,Sun Mar 15 06:12:02 +0000 2020,1.23907975346783E+18,Surprise
3317,0,0,0,1,0,0,1,Umm sadness? This is Naomi... Idk,Sun Mar 15 06:13:11 +0000 2020,1.23908109415206E+18,Surprise
3335,0,0,0,1,0,0,1,Outta weed outta will live,Sun Mar 15 06:14:48 +0000 2020,1.23908140873318E+18,Surprise
3359,0,0,0,1,0,0,1,Dang slummy leaving me :-/,Sun Mar 15 06:16:18 +0000 2020,1.2390814602687E+18,Surprise
3368,0,0,0,1,0,0,1,: Come From Away blockbuster Broadway show dark on a Saturday night in NYC like a ghost town. My town calm‚Ä¶,Sun Mar 15 06:17:12 +0000 2020,1.23908186459961E+18,Surprise
3471,0,0,0,1,0,0,1,my day was bullshit someone help make it‚Ä¶,Sun Mar 15 06:27:10 +0000 2020,1.23908210435431E+18,Surprise
3481,0,0,0,1,0,0,1,Yep its me,Sun Mar 15 06:28:01 +0000 2020,1.23908308543987E+18,Surprise
3506,0,0,0,1,0,0,1,IDIOT!!!! Brazen and such a wrong thing to do.,Sun Mar 15 06:29:58 +0000 2020,1.23908354365489E+18,Surprise
3529,0,0,0,1,0,0,1,Story time why a saved Abused pup Pt.2 follow for more ‚Ä¶,Sun Mar 15 06:31:45 +0000 2020,1.23908393575096E+18,Surprise
3532,0,0,0,1,0,0,1,feeling,Sun Mar 15 06:32:28 +0000 2020,1.23908524941967E+18,Surprise
3563,0,0,0,1,0,0,1,: i‚Äôm fuckin,Sun Mar 15 06:35:56 +0000 2020,1.23908525179795E+18,Surprise
3597,0,0,0,1,0,0,1,dude I just deleted over pics/vids from my phone,Sun Mar 15 06:39:07 +0000 2020,1.23908525336661E+18,Surprise
3598,0,0,0,1,0,0,1,We‚Äôve got some sad vibes tonight boys ü•∫ü•∫,Sun Mar 15 06:39:14 +0000 2020,1.23908525900794E+18,Surprise
3618,0,0,0,1,0,0,1,It's not safe anywhere... Maybe he lost his job at one of casino's. ü§î,Sun Mar 15 06:40:57 +0000 2020,1.23908526073181E+18,Surprise
3652,0,0,0,1,0,0,1,"‚ÄúIt only covers % of the workforce.‚Äù ! Love, Establishment Democrats",Sun Mar 15 06:43:28 +0000 2020,1.23908526210754E+18,Surprise
3718,0,0,0,1,0,0,1,James St Patrick hit all the below on,Sun Mar 15 06:48:48 +0000 2020,1.23908526963633E+18,Surprise
3726,0,0,0,1,0,0,1,I wasn‚Äôt able to buy animal crossing switch edition and I wasn‚Äôt able to pre-order the game with bonus items.,Sun Mar 15 06:50:03 +0000 2020,1.23908609740717E+18,Surprise
3729,0,0,0,1,0,0,1,Who wants to be friend? I‚Äôm loney asf,Sun Mar 15 06:50:15 +0000 2020,1.23908634109225E+18,Surprise
3743,0,0,0,1,0,0,1,"There‚Äôs no , I‚Äôm just bored I missed hashtags",Sun Mar 15 06:51:52 +0000 2020,1.23908704084034E+18,Surprise
3756,0,0,0,1,0,0,1,Related Instagram tags for :,Sun Mar 15 06:52:49 +0000 2020,1.23908708917986E+18,Surprise
3798,0,0,0,1,0,0,1,Unfortunately the People do love liars and don‚Äôt care about truth. Look how many seats Gantz received...,Sun Mar 15 06:56:43 +0000 2020,1.2390878062799E+18,Surprise
3823,0,0,0,1,0,0,1,that shits super,Sun Mar 15 06:58:32 +0000 2020,1.23908977829484E+18,Surprise
3848,0,0,0,1,0,0,1,You‚Äôre endangering lives and bragging about it.,Sun Mar 15 07:00:06 +0000 2020,1.23909207593874E+18,Surprise
3928,0,0,0,1,0,0,1,: RT realDonaldTrump: BIGGEST STOCK MARKET RISE IN HISTORY YESTERDAY!,Sun Mar 15 07:05:19 +0000 2020,1.23909480976933E+18,Surprise
3929,0,0,0,1,0,0,1,: RT realDonaldTrump: SOCIAL DISTANCING!,Sun Mar 15 07:05:19 +0000 2020,1.23909566732854E+18,Surprise
3930,0,0,0,1,0,0,1,: RT realDonaldTrump: News Conference at White House in minutes.,Sun Mar 15 07:05:20 +0000 2020,1.23909659327146E+18,Surprise
3931,0,0,0,1,0,0,1,": RT realDonaldTrump: Just finished a meeting on Covid-19 in the Situation Room, n‚Ä¶",Sun Mar 15 07:05:20 +0000 2020,1.23909698530026E+18,Surprise
3932,0,0,0,1,0,0,1,": RT WhiteHouse: ""We're using the full power of the federal government to defeat t‚Ä¶",Sun Mar 15 07:05:20 +0000 2020,1.23909702729383E+18,Surprise
3933,0,0,0,1,0,0,1,: RT WhiteHouse: The Coronavirus Task Force is focused on implementing the Preside‚Ä¶,Sun Mar 15 07:05:21 +0000 2020,1.23909715756054E+18,Surprise
3934,0,0,0,1,0,0,1,: RT realDonaldTrump: THE UNITED STATES LOVES ITALY!,Sun Mar 15 07:05:21 +0000 2020,1.23909875569516E+18,Surprise
3935,0,0,0,1,0,0,1,: RT realDonaldTrump: COVID-19 UPDATE,Sun Mar 15 07:05:21 +0000 2020,1.23909896085954E+18,Surprise
3936,0,0,0,1,0,0,1,: RT realDonaldTrump:,Sun Mar 15 07:05:22 +0000 2020,1.23910117457551E+18,Surprise
3937,0,0,0,1,0,0,1,: RT realDonaldTrump: Just had a nice conversation with Prime Minister JustinTrude‚Ä¶,Sun Mar 15 07:05:22 +0000 2020,1.23910197253764E+18,Surprise
3938,0,0,0,1,0,0,1,: RT realDonaldTrump: The CDCgov has published guidelines on‚Ä¶,Sun Mar 15 07:05:23 +0000 2020,1.23910225650859E+18,Surprise
3939,0,0,0,1,0,0,1,": RT WhiteHouse: .Surgeon_General: ""My prescription: know your risk, understand yo‚Ä¶",Sun Mar 15 07:05:23 +0000 2020,1.23910401692929E+18,Surprise
3940,0,0,0,1,0,0,1,: RT realDonaldTrump:,Sun Mar 15 07:05:24 +0000 2020,1.23910431591626E+18,Surprise
3981,0,0,0,1,0,0,1,"We have to sacrifice not seeing each other for our own safety, our family and for the community..",Sun Mar 15 07:08:41 +0000 2020,1.23910437715308E+18,Surprise
3993,0,0,0,1,0,0,1,If you had me for hours what would you do ?,Sun Mar 15 07:09:39 +0000 2020,1.23910709354354E+18,Surprise
4023,0,0,0,1,0,0,1,: i‚Äôm fuckin,Sun Mar 15 07:12:26 +0000 2020,1.2391079787766E+18,Surprise
4027,0,0,0,1,0,0,1,And he knows he‚Äôs ALWAYS been a failure. That‚Äôs why he bullies.,Sun Mar 15 07:12:37 +0000 2020,1.23910914637863E+18,Surprise
4072,0,0,0,1,0,0,1,yahh,Sun Mar 15 07:15:28 +0000 2020,1.23911111966455E+18,Surprise
4141,0,0,0,1,0,0,1,An European Girl Beautiful Talk About Trending Thing Nowadays ( Mera Jism Meri Marzi ). ‚Ä¶,Sun Mar 15 07:20:51 +0000 2020,1.2391158004742E+18,Surprise
4177,0,0,0,1,0,0,1,Lames copy moves cause they can‚Äôt be original,Sun Mar 15 07:23:18 +0000 2020,1.23911677498723E+18,Surprise
4297,0,0,0,1,0,0,1,"My from have me . , why not .",Sun Mar 15 07:32:26 +0000 2020,1.23911688502877E+18,Surprise
4420,0,0,0,1,0,0,1,my boo hasn't replied,Sun Mar 15 07:43:18 +0000 2020,1.23911733045132E+18,Surprise
4454,0,0,0,1,0,0,1,: And like that in the afternoon,Sun Mar 15 07:46:43 +0000 2020,1.23911975818175E+18,Surprise
4496,0,0,0,1,0,0,1,Hey men gotta hav their toilet paper. Besides we are whoop whoop. thankyou‚Ä¶,Sun Mar 15 07:49:39 +0000 2020,1.23912251131012E+18,Surprise
4511,0,0,0,1,0,0,1,: Good teamwork between Republicans &amp; Democrats as the House passes the big Corona‚Ä¶,Sun Mar 15 07:50:19 +0000 2020,1.23912253201761E+18,Surprise
4512,0,0,0,1,0,0,1,: RT RealCandaceO: Here is the last page of the report which sites the crystal met‚Ä¶,Sun Mar 15 07:50:19 +0000 2020,1.23912330207079E+18,Surprise
4513,0,0,0,1,0,0,1,: RT RealCandaceO: LET‚ÄôS GO AMERICAüá∫üá∏! After years of fighting and challenging‚Ä¶,Sun Mar 15 07:50:20 +0000 2020,1.23912340587986E+18,Surprise
4514,0,0,0,1,0,0,1,: RT RealCandaceO: Good news on the coronavirus you won‚Äôt find anywhere else: -Ch‚Ä¶,Sun Mar 15 07:50:20 +0000 2020,1.23912616894034E+18,Surprise
4515,0,0,0,1,0,0,1,": RT RealCandaceO: LMAO. Bags of a crystal meth, nudity, and puking... to help a f‚Ä¶",Sun Mar 15 07:50:21 +0000 2020,1.23912774801621E+18,Surprise
4516,0,0,0,1,0,0,1,: RT larryelder: ‚ÄúAndrew Gillum apologizes after being found 'inebriated' in hotel‚Ä¶,Sun Mar 15 07:50:22 +0000 2020,1.23912810094165E+18,Surprise
4517,0,0,0,1,0,0,1,: RT larryelder: Introducing keynote speaker Candace Owens for the Jewish Republic‚Ä¶,Sun Mar 15 07:50:22 +0000 2020,1.23912837648221E+18,Surprise
4518,0,0,0,1,0,0,1,": Larry, I am not surprised that Candace was great. I would only be surprised if s‚Ä¶",Sun Mar 15 07:50:23 +0000 2020,1.23912923008196E+18,Surprise
4520,0,0,0,1,0,0,1,: BIGGEST STOCK MARKET RISE IN HISTORY YESTERDAY!,Sun Mar 15 07:50:23 +0000 2020,1.23913056151331E+18,Surprise
4521,0,0,0,1,0,0,1,: Attending meetings on Covid-19 in the White House. Working with States and local‚Ä¶,Sun Mar 15 07:50:24 +0000 2020,1.23913098266334E+18,Surprise
4541,0,0,0,1,0,0,1,I'm hear have no fear Check my,Sun Mar 15 07:51:53 +0000 2020,1.23913181943973E+18,Surprise
4542,0,0,0,1,0,0,1,: my boo hasn't replied,Sun Mar 15 07:51:57 +0000 2020,1.23913210007222E+18,Surprise
4544,0,0,0,1,0,0,1,: I'm hear have no fear Check my ‚Ä¶,Sun Mar 15 07:52:07 +0000 2020,1.23913227235745E+18,Surprise
4551,0,0,0,1,0,0,1,: I'm hear have no fear Check my ‚Ä¶,Sun Mar 15 07:52:38 +0000 2020,1.23913284783693E+18,Surprise
4618,0,0,0,1,1,0,1,: Hold on to this hope : You can get better from Depression.,Sun Mar 15 07:58:59 +0000 2020,1.23913310471293E+18,Surprise
4627,0,0,0,1,0,0,1,: I'm hear have no fear Check my ‚Ä¶,Sun Mar 15 07:59:48 +0000 2020,1.23913350619173E+18,Surprise
4766,0,0,0,1,0,0,1,". No thanks, I'm good. . Work on your burn game- that was just ... lol",Sun Mar 15 08:08:36 +0000 2020,1.23913385636153E+18,Surprise
4808,0,0,0,1,0,0,1,: I'm hear have no fear Check my ‚Ä¶,Sun Mar 15 08:11:46 +0000 2020,1.23913593820437E+18,Surprise
4820,0,0,0,1,0,0,1,: I'm hear have no fear Check my ‚Ä¶,Sun Mar 15 08:12:54 +0000 2020,1.2391360847156E+18,Surprise
4870,0,0,0,1,1,0,1,‚Ä¶,Sun Mar 15 08:16:29 +0000 2020,1.23913805015365E+18,Surprise
4909,0,0,0,1,0,0,1,I am gutted for those two courgettes.,Sun Mar 15 08:19:53 +0000 2020,1.23914158303291E+18,Surprise
4924,0,0,0,1,1,0,1,: ‚Ä¶,Sun Mar 15 08:21:05 +0000 2020,1.23914420563054E+18,Surprise
4929,0,0,0,1,0,0,1,"Mr Chaddington here, just want to say wash your hands before you eat something! Thanks....",Sun Mar 15 08:21:19 +0000 2020,1.23914535944165E+18,Surprise
5054,0,0,0,1,0,0,1,"If you want to fuck me in the ass, do a retweet",Sun Mar 15 08:32:07 +0000 2020,1.23914606288934E+18,Surprise
5097,0,0,0,1,0,0,1,This is disgusting,Sun Mar 15 08:35:38 +0000 2020,1.2391476088343E+18,Surprise
5157,0,0,0,1,0,0,1,Today feels like a ‚Äòdrinking a few pints of Guinness‚Äô kinda day.,Sun Mar 15 08:40:16 +0000 2020,1.23914916686712E+18,Surprise
5185,0,0,0,1,0,0,1,room balloons delivery at Decoration party Decoration In‚Ä¶,Sun Mar 15 08:42:40 +0000 2020,1.23915124779139E+18,Surprise
5268,0,0,0,1,0,0,1,i'm gonna die boys...,Sun Mar 15 08:48:07 +0000 2020,1.23915194638624E+18,Surprise
5504,0,0,0,1,0,0,1,= I don't care about anyone but ME.,Sun Mar 15 09:06:43 +0000 2020,1.23915208296122E+18,Surprise
5561,0,0,0,1,0,0,1,Hi. we can play another time... Feels,Sun Mar 15 09:10:35 +0000 2020,1.23915300284745E+18,Surprise
5566,0,0,0,1,0,0,1,: Pop goes the... SALLY?! How did you... ‚†Ä,Sun Mar 15 09:11:01 +0000 2020,1.23915430288473E+18,Surprise
5589,0,0,0,1,0,0,1,": Do you find yourself feeling; , or ? Help is at hand to support you to manage and treat many‚Ä¶",Sun Mar 15 09:12:47 +0000 2020,1.23915486705218E+18,Surprise
5740,0,0,0,1,0,0,1,: = I don't care about anyone but ME.,Sun Mar 15 09:22:26 +0000 2020,1.23915520217265E+18,Surprise
5943,0,0,0,1,0,0,1,: I'm hear have no fear Check my ‚Ä¶,Sun Mar 15 09:33:23 +0000 2020,1.239155325045E+18,Surprise
5950,0,0,0,1,0,0,1,lost my piercing,Sun Mar 15 09:33:28 +0000 2020,1.23915663467429E+18,Surprise
6006,0,0,0,1,0,0,1,: !! saw st on EW's &amp; Ed. &amp; sent me!2B posted ‚Ä¶,Sun Mar 15 09:36:31 +0000 2020,1.23915750435499E+18,Surprise
6015,0,0,0,1,0,0,1,: I'm hear have no fear Check my ‚Ä¶,Sun Mar 15 09:36:56 +0000 2020,1.23915766943444E+18,Surprise
6073,0,0,0,1,0,0,1,Sad reality when health units are stretch beyond limits and past breaking points - people die unnecessarily ‚Ä¶,Sun Mar 15 09:40:05 +0000 2020,1.23915813644487E+18,Surprise
6198,0,0,0,1,0,0,1,Australia looks so much like US these days.,Sun Mar 15 09:47:55 +0000 2020,1.23915931479264E+18,Surprise
6301,0,0,0,1,0,0,1,: I'm hear have no fear Check my ‚Ä¶,Sun Mar 15 09:54:11 +0000 2020,1.23915953422604E+18,Surprise
6320,0,0,0,1,0,0,1,made everyone life,Sun Mar 15 09:55:35 +0000 2020,1.23916048219765E+18,Surprise
6334,0,0,0,1,0,0,1,Ever unpacked a suitcase that never went for a trip!!.,Sun Mar 15 09:56:41 +0000 2020,1.23916110153689E+18,Surprise
6397,0,0,0,1,0,0,1,"Wow. I don't know what to say. It sounds like the right move, but still very via",Sun Mar 15 10:00:05 +0000 2020,1.23916157193652E+18,Surprise
6469,0,0,0,1,0,0,1,: Pop goes the... SALLY?! How did you... ‚†Ä,Sun Mar 15 10:05:22 +0000 2020,1.23916568735397E+18,Surprise
6490,0,0,0,1,0,0,1,: made everyone life,Sun Mar 15 10:07:02 +0000 2020,1.23916659517336E+18,Surprise
6531,0,0,0,1,0,0,1,Political violence is funny to Democrats.,Sun Mar 15 10:10:22 +0000 2020,1.23916789768919E+18,Surprise
6547,0,0,0,1,0,0,1,Screenshots from op-ed pieces.,Sun Mar 15 10:11:29 +0000 2020,1.23916969069134E+18,Surprise
6556,0,0,0,1,0,0,1,I just want to be treated as a person (emotionally) .. I am not just a mannequin !!,Sun Mar 15 10:12:10 +0000 2020,1.23916985486479E+18,Surprise
6589,0,0,0,1,0,0,1,: I'm hear have no fear Check my ‚Ä¶,Sun Mar 15 10:14:27 +0000 2020,1.23917014290448E+18,Surprise
6614,0,0,0,1,0,0,1,Self isolation and terrible internet service equals Add nonexistent customer service equals switching to,Sun Mar 15 10:15:28 +0000 2020,1.23919338207076E+18,Surprise
6639,0,0,0,1,0,0,1,": Relatable to anyone else? No.. just me, okay... - - [Tags]",Sun Mar 15 10:17:04 +0000 2020,1.23919573940365E+18,Surprise
6660,0,0,0,1,0,0,1,I'm bored. And you? I want to caress something solid,Sun Mar 15 10:18:28 +0000 2020,1.23919500067364E+18,Surprise
6689,0,0,0,1,0,0,1,SURPRISE! Score a March Surprise Box filled to the brim with IE favorites. ‚Å† ‚Å† ‚Ä¶,Sun Mar 15 10:20:44 +0000 2020,1.23919501335302E+18,Surprise
6781,0,0,0,1,0,0,1,"Just been to Morrisons for some bits ,there even trying to buy the beans out off the foodbank trolleys",Sun Mar 15 10:26:44 +0000 2020,1.23919501717401E+18,Surprise
6797,0,0,0,1,0,0,1,Whats wrong with me i dont know but i know im sad for now,Sun Mar 15 10:27:19 +0000 2020,1.23919503335139E+18,Surprise
6927,0,0,0,1,0,0,1,These tweets are PROVIDING ALL THE FEELS I CANNOT ü•∫ü•∫ü•∫ PRAYERS UP FOR THIS WORLD. .,Sun Mar 15 10:35:07 +0000 2020,1.23919505582437E+18,Surprise
6974,0,0,0,1,0,0,1,Happy Belated Birthday Hope you like all the surprises prepared for u. Hahaha ü•∞ ‚Ä¶,Sun Mar 15 10:38:10 +0000 2020,1.23919508430785E+18,Surprise
7139,0,0,0,1,0,0,1,Sad but true,Sun Mar 15 10:49:10 +0000 2020,1.23919510081683E+18,Surprise
7209,0,0,0,1,0,0,1,"‚ÄºÔ∏è -for-it Beirut,‚Ä¶",Sun Mar 15 10:53:22 +0000 2020,1.23919512304246E+18,Surprise
7306,0,0,0,1,0,0,1,: No one with half a brain cell believes anything he says.,Sun Mar 15 10:59:35 +0000 2020,1.23919514762521E+18,Surprise
7403,0,0,0,1,0,0,1,What happened to you man. Your money masters at MSNBC have really turned you into a characture.,Sun Mar 15 11:04:10 +0000 2020,1.23919518939209E+18,Surprise
7439,0,0,0,1,0,0,1,It is just because we do not have them.,Sun Mar 15 11:06:58 +0000 2020,1.23919519824211E+18,Surprise
7457,0,0,0,1,0,0,1,Except BS. to see liberals engaging in the same‚Ä¶,Sun Mar 15 11:08:31 +0000 2020,1.23919520103544E+18,Surprise